,Source,Date,Artist,Title,Album,Lyrics
0,KKBOX.com,2002/01/01,許冠傑 (Sam Hui),雙星情歌 - 電影「鬼馬雙星」插曲,真經典 - 許冠傑,"作詞：許冠傑     作曲：許冠傑

前奏
曳搖共對輕舟飄
互傳誓約慶春曉
兩心相邀影相照
願化海鷗輕唱悅情調

艷陽下與妹相親
望諧白首永不分
美景醉人心相允
綠柳花間相對訂緣份

心兩牽
萬里阻隔相思愛莫變
離別悽酸今朝似未見
明日對花憶卿面

淚殘夢了燭影深
月明獨照冷鴛枕
醉擁孤衾悲不禁
夜半飲泣空帳獨懷憾
間奏
心兩牽
萬里阻隔相思愛莫變
離別悽酸今朝似未見
明日對花憶卿面

淚殘夢了燭影深
月明獨照冷鴛枕
醉擁孤衾悲不禁
夜半飲泣空帳獨懷憾
夜半飲泣空帳獨懷憾"
1,KKBOX.com,2002/01/01,許冠傑 (Sam Hui),鬼馬雙星(電影《鬼馬雙星》歌曲) - 電影《鬼馬雙星》歌曲,真經典 - 許冠傑,"作詞：許冠傑     作曲：許冠傑

鬼馬雙星


為兩餐乜都肯制前世
撞正輸晒心翳滯無謂
求望發達一味靠搵丁
鬼馬雙星綽頭勁

亂搏懵撈偏門確唔曳
做慣監躉經已係成例
求望發達一味靠搵丁
鬼馬雙星眼晾晾

人生如賭博 贏輸都冇時定
贏左得餐笑 輸光唔駛興

做老千梗好搵過皇帝
扮蟹賴野真正係滑稽
求望發達一味靠搵丁
鬼馬雙星怕現形


求望發達一味靠搵丁
鬼馬雙星眼晾晾

人生如賭博 贏輸都冇時定
贏左得餐笑 輸光唔駛興

做老千梗好搵過皇帝
扮蟹賴野真正係滑稽
求望發達一味靠搵丁
鬼馬雙星 鬼馬雙星 鬼馬雙星
(唔 真係有型)"
2,Not Found,2002/01/01,許冠傑 (Sam Hui),甜蜜伴侶,真經典 - 許冠傑,Not Found
3,KKBOX.com,2002/01/01,許冠傑 (Sam Hui),無情夜冷風 - Album Version,環球DSD視聽之王 - 許冠傑,"Currently there are no lyrics for this song. Be the first to submit the lyrics!
Check the tips now"
4,KKBOX.com,,許冠傑 (Sam Hui),Medley：一水隔天涯+愛你三百六十年 - Album Version,半斤八兩(許冠傑經典電影原聲大碟),"Currently there are no lyrics for this song. Be the first to submit the lyrics!
Check the tips now"
5,KKBOX.com,1999/01/01,許冠傑 (Sam Hui),春夢良宵 - Album Version,鬼馬雙星 - DCS,"這首歌曲暫無歌詞，歡迎您投稿認養！
立即查看秘笈"
6,KKBOX.com,1997/01/01,許冠傑 (Sam Hui),制水歌 - Album Version,寶麗金88極品音色系列-許冠傑,"作詞：許冠傑     作曲：許冠傑/Simon


又制水真正受氣，
又制水的確係無謂，
又制水今晚點沖涼，
成晚要乾煎真撞鬼。

OH! 真苦透呀老友，聽朝早的起身，
搵定水桶半打，裝多水，乜都假，
水緊真真冇修，
快搵多的水啦老友，
莫水真陰功，請保重。

又制水，夜街你都無謂去，
又制水，拍拖都冇離味，
又制水，妹佢怕我週身一陣除，
成晚要乾煎真正悲。

又制水真冇樂趣
又制水的確係無謂，
又制水今晚點沖涼，
成晚要乾煎真撞鬼。

OH! 真苦透呀老友，聽朝早的起身，
搵定水桶半打，裝多水，乜都假，
水緊真真冇修，
快搵多的水啦老友，
莫水真陰功，請保重。

又制水，夜街你都無謂去，
又制水，拍拖都冇離味，
又制水，妹佢怕我週身一陣除，
成晚要乾煎真正悲。

又制水真冇樂趣
又制水的確係無謂，
又制水今晚點沖涼，"
7,KKBOX.com,1997/01/01,許冠傑 (Sam Hui),等玉人 - Album Version,寶麗金88極品音色系列-許冠傑,"作詞：許冠傑     作曲：許冠傑


正夜闌，碎夢殘，盼玉人，未見返，
記舊情，眼淚盈，怨負盟，獨對影。

愛海鴛鴦一朝變泡影，
對景孤單悲泣暗怨恨你負情。

愛已斷，暗自憐，往日情，恨變遷，
冷夜靜，怨薄命，隔異地，念愛卿

愛海鴛鴦一朝變泡影，
對景孤單悲泣暗怨恨你負情。

對月誓，愛難忘，痛斷腸，淚已乾，
往日情，意萬重，嘆別離，夢已空。

愛海鴛鴦一朝變泡影，
對景孤單悲泣暗怨恨你負情。"
8,KKBOX.com,2013/01/01,許冠傑 (Sam Hui),鐵塔凌雲,許冠傑十八精選,"Currently there are no lyrics for this song. Be the first to submit the lyrics!
Check the tips now"
9,KKBOX.com,1997/01/01,許冠傑 (Sam Hui),夜雨聲 - Album Version,寶麗金88極品音色系列-許冠傑,"作詞：許冠英     作曲：許冠英

夜雨聲


夜雨聲嘆憶愛恨難明
奈何卿已一去不見影
情緣一朝化空心掛念
離愁夜雨點聲不願聽

夜雨聲倍感往事無情
夜傳鶯音低唱悲怨聲
難忘雙飛燕依稀往事
愁腸斷我擁衾珠淚馨

誰憐憫苦相思歸泡影
千般愁向蒼天悲怨命
愁城困獨孤單悲冷清
鴛鴦難望再見淚盈盈


夜雨聲倍感往事無情
夜傳鶯音低唱悲怨聲
難忘雙飛燕依稀往事
愁腸斷我擁衾珠淚馨

誰憐憫苦相思歸泡影
千般愁向蒼天悲怨命
愁城困獨孤單悲冷清
鴛鴦難望再見淚盈盈
鴛鴦難望再見淚盈盈"
10,KKBOX.com,1999/01/01,許冠傑 (Sam Hui),雙星情歌音樂 - Instrumental,鬼馬雙星 - DCS,"這首歌曲暫無歌詞，歡迎您投稿認養！
立即查看秘笈"
11,KKBOX.com,2011/01/01,許冠傑 (Sam Hui),天才與白痴 - Album Version,許冠傑 音樂大全 101,"作詞：許冠傑/薛志雄     作曲：許冠傑


呢個世界上 有精仔 有懵仔 有叻仔 散仔 賭仔 重有戇居仔
有衰仔 有好仔 反骨仔 癲仔 蠢仔重弊過敗家仔
細蚊仔 臭飛仔 招卿仔 靚仔 打仔亂咁出刀仔 問你點敢亂生仔
邊個係天才（天才） 邊個係白痴（白痴）
扮懵定蠢才 冇咁易會知（阿茂至知）
天才與白痴 你黐定我黐 天才與白痴 冇咁易會知 天才與白痴

呢個世界上 有冤鬼 有嘩鬼 有奸鬼 賭鬼 盞鬼 重有咸濕鬼
有衰鬼 有煙鬼 攝青鬼 生鬼 撞鬼撞著個冒失鬼
醉酒鬼 吊靴鬼 醜死鬼 假鬼 真鬼 亂咁鬼打鬼 問你究竟攪乜鬼
乜鬼係天才（天才） 乜鬼係白痴（白痴） 扮懵定蠢才 冇咁易會知(阿茂至知）
天才與白痴 你黐定我黐 天才與白痴 冇咁易會知 天才與白痴

呢個世界上 有堅野 有流野 有精野 喎野 喳野 重有大鑊野
有衰野 有好野 有筍野 貴野 賤野 最划忌就賴野
醒胃野 林嬸野 正斗野 靚野 杰野 最爽就撈粗野 確係認真唔少野
乜野係天才（天才） 乜野係白痴（白痴） 扮懵定蠢才 冇咁易會知(阿茂至知）
天才與白痴 你黐定我黐 天才與白痴 冇咁易會知
天才與白痴 天才與白痴 天才與白痴"
12,KKBOX.com,2013/01/01,許冠傑 (Sam Hui),天才白痴往日情,金唱片精選,"作詞：許冠傑/薛志雄     作曲：許冠傑


痛別離 惜分飛 緣份一朝忍心拋棄
往日情未泯 泣咽悽聲怨蒼天太狠

鳥倦還 影孤單 無奈美夢頃刻吹散
往日情未泯 泣咽悽聲怨蒼天太狠

暴雨中 相親相與共 夢已空 太匆匆
淚暗湧 偷偷心底送 遍地紅葉怨秋風

再會難 呼不返 寒夜對月幾番嗟歎
往日情未泯 泣咽悽聲怨蒼天太狠


暴雨中 相親相與共 夢已空 太匆匆
淚暗湧 偷偷心底送 遍地紅葉怨秋風

再會難 呼不返 寒夜對月幾番嗟歎
往日情未泯 泣咽悽聲怨蒼天太狠"
13,KKBOX.com,1998/10/01,許冠傑 (Sam Hui),天才白痴錢錢錢,打工仔心聲98,"作詞：許冠傑, 薛志雄     作曲：許冠傑

(錢錢錢錢 錢錢錢錢)
(錢錢錢錢 錢錢錢錢)
(錢錢錢錢 錢錢錢錢)
(錢錢錢錢 錢錢錢錢)

成日要錢多 (錢錢錢錢 錢錢錢錢)
幹水乜都渦 (錢錢錢錢 錢錢錢錢)
借錢最折墮 (錢錢錢錢 錢錢錢錢)
爬低o危契哥 (錢錢錢錢 錢錢錢錢)

貧賤拗頸多 (NO MONEY NO TALK NO MONEY NO TALK)
生仔都諗過 (NO MONEY NO TALK NO MONEY NO TALK)
阿女嗌肚餓 (NO MONEY NO TALK NO MONEY NO TALK)
屋租都要拖 (NO MONEY NO TALK NO MONEY NO TALK)

有乜會令你心花怒放 (錢)
諗得多卒之梗癲癲喪喪 (錢)
有o左佢就算打跛雙腳都冇相干
冇得擋 冇得擋

成日要錢多 (錢錢錢錢 錢錢錢錢)
幹水乜都渦 (錢錢錢錢 錢錢錢錢)
借錢最折墮 (錢錢錢錢 錢錢錢錢)
爬低危契哥 (錢錢錢錢 錢錢錢錢)

貧賤拗頸多 (NO MONEY NO TALK NO MONEY NO TALK)
生仔都諗過 (NO MONEY NO TALK NO MONEY NO TALK)
阿女嗌肚餓 (NO MONEY NO TALK NO MONEY NO TALK)
屋租都要拖 (NO MONEY NO TALK NO MONEY NO TALK)

有錢確係會少咁Ｄ罪案 (錢)
駛乜衰到通街偷搶騙當 (錢)
冇o左佢就算包公都由你嗌冤枉
懶得講 懶得講

成日要錢多 (錢錢錢錢 錢錢錢錢)
幹水乜都渦 (錢錢錢錢 錢錢錢錢)
借錢最折墮 (錢錢錢錢 錢錢錢錢)
爬低危契哥 (錢錢錢錢 錢錢錢錢)

貧賤拗頸多 (NO MONEY NO TALK NO MONEY NO TALK)
生仔都諗過 (NO MONEY NO TALK NO MONEY NO TALK)
阿女嗌肚餓 (NO MONEY NO TALK NO MONEY NO TALK)
屋租都要拖 (NO MONEY NO TALK NO MONEY NO TALK)"
14,KKBOX.com,2013/01/01,許冠傑 (Sam Hui),天才白痴夢,賣身契電影主題曲,"作詞：許冠傑/薛志雄     作曲：許冠傑


人皆尋夢 夢裡不分西東
片刻春風得意 未知景物矇矓

人生如夢 夢裡輾轉吉凶
尋樂不堪苦困 未識苦與樂同

天造之才 皆有其用
振翅高飛 無須在夢中

南柯長夢 夢裡不知所中
醉翁他朝醒覺 是否跨鳳成龍


天造之才 皆有其用
振翅高飛 無須在夢中

何必尋夢 夢裡甘苦皆空
勸君珍惜此際 自當欣慰無窮
何必尋夢"
15,KKBOX.com,,許冠傑 (Sam Hui),獨上西樓 - Album Version,半斤八兩(許冠傑經典電影原聲大碟),"Currently there are no lyrics for this song. Be the first to submit the lyrics!
Check the tips now"
16,KKBOX.com,1996/01/01,許冠傑 (Sam Hui),青春夢裡人,情歌篇,"共妳今朝見面 真覺令我飄然
但覺心慌意亂 今晚 望再相見
與妳夢中痴纏 燕侶手相牽
暢快共遊 夢裡仙園
陶醉愛海溫馨美屬眷

夢裡花香吐艷 傾訴 萬語千言
共向星星訴願 相愛 萬劫不變
與妳夢中痴纏 燕侶手相牽
暢快共遊 夢裡仙園
陶醉愛海溫馨美屬眷

與妳夢中痴纏 燕侶手相牽
暢快共遊 夢裡仙園
陶醉愛海溫馨美屬眷
陶醉愛海溫馨美屬眷
(我哋今晚見)"
17,KKBOX.com,,許冠傑 (Sam Hui),獨上西樓 - Album Version,半斤八兩(許冠傑經典電影原聲大碟),"這首歌曲暫無歌詞，歡迎您投稿認養！
立即查看秘笈"
18,KKBOX.com,1999/01/01,許冠傑 (Sam Hui),齊齊唱首歌,天才與白痴,"這首歌曲暫無歌詞，歡迎您投稿認養！
立即查看秘笈"
19,KKBOX.com,1997/01/01,許冠傑 (Sam Hui),莫等待 - Album Version,寶麗金88極品音色系列-許冠傑,"作詞：許冠傑     作曲：許冠傑


莫等待，光陰不會復來，
勿讓青春偷偷消逝去，莫等待。

莫等待，春風吹過暴雨來，
浪蝶應悔當初不自愛，莫等待。

別戀金縷衣，惜取少年時，
發奮上進不容遲，同聚今朝共立志。

莫等待，光陰不會復來，
勿讓青春偷偷消逝去，莫等待。

別戀金縷衣，惜取少年時，
發奮上進不容遲，同聚今朝共立志。

莫等待，春風吹過暴雨來，
浪蝶應悔當初不自愛，莫等待。
浪蝶應悔當初不自愛，莫等待。"
20,KKBOX.com,,許冠傑 (Sam Hui),歡樂桃源 - Album Version,半斤八兩(許冠傑經典電影原聲大碟),"這首歌曲暫無歌詞，歡迎您投稿認養！
立即查看秘笈"
21,KKBOX.com,,許冠傑 (Sam Hui),故苑懷舊 - Album Version,半斤八兩(許冠傑經典電影原聲大碟),"這首歌曲暫無歌詞，歡迎您投稿認養！
立即查看秘笈"
22,KKBOX.com,,許冠傑 (Sam Hui),天才白痴往日情 - 音樂,半斤八兩(許冠傑經典電影原聲大碟),這首歌曲沒有歌詞
23,KKBOX.com,2013/01/01,許冠傑 (Sam Hui),"半斤八兩(電影""半斤八兩""歌曲) - 電影""半斤八兩""歌曲",Mr. BOO! The Contract賣身契,"Currently there are no lyrics for this song. Be the first to submit the lyrics!
Check the tips now"
24,KKBOX.com,2007/01/01,許冠傑 (Sam Hui),浪子心聲 - Live,BTB-許冠傑十萬人大合唱演唱會-許冠傑 - 2 CD,"作詞：許冠傑/黎彼得     作曲：許冠傑　編：鮑比達


浪子心聲

難分真與假 人面多險詐
幾許有共享榮華 簷畔水滴不分差

無知井裡蛙 徙望添聲價
空得意目光如麻 誰料金屋變敗瓦

命裡有時終須有 命裡無時莫強求

雷聲風雨打 何用多驚怕
心公正白壁無瑕 行善積德最樂也

命裡有時終須有 命裡無時莫強求

人比海裡沙 毋用多牽掛
君可見漫天落霞 名利息間似霧化
君可見漫天落霞 名利息間似霧化"
25,KKBOX.com,2013/01/01,許冠傑 (Sam Hui),打雀英雄傳,許冠傑十八精選,"Currently there are no lyrics for this song. Be the first to submit the lyrics!
Check the tips now"
26,KKBOX.com,1976/12/01,許冠傑 (Sam Hui),梨渦淺笑,The Private Eyes半斤八兩,"作詞：許冠傑、黎彼得     作曲：許冠傑


梨渦淺笑 可知否奧妙
寂寞心鎖暗動搖 魂消魄蕩 身飄渺
被困擾 怎得共渡藍橋

梨渦輕照 映出花月調
但望相看慰寂寥 時刻與共 享分秒
願折腰 今生效同林鳥

梨渦淺笑 似把君邀
綺夢輕泛浪潮 春宵猶未覺曉

梨渦雖俏 悲歡竟逆料
樂極癡戀變恨苗 情絲寸斷一朝了
夢已消 花依舊 玉人杳


梨渦淺笑 似把君邀
綺夢輕泛浪潮 春宵猶未覺曉

梨渦雖俏 悲歡竟逆料
樂極癡戀變恨苗 情絲寸斷一朝了
夢已消 花依舊 玉人杳
夢已消 花依舊 玉人杳"
27,KKBOX.com,1976/12/01,許冠傑 (Sam Hui),大家跟住唱,半斤八兩,"Currently there are no lyrics for this song. Be the first to submit the lyrics!
Check the tips now"
28,KKBOX.com,2013/01/01,許冠傑 (Sam Hui),有酒今朝醉,Mr. BOO! The Private Eyes半斤八兩,"Currently there are no lyrics for this song. Be the first to submit the lyrics!
Check the tips now"
29,KKBOX.com,1997/01/01,許冠傑 (Sam Hui),知音夢裡尋 - Album Version,寶麗金88極品音色系列-許冠傑,"星星會明白我心 早知戀愛盡憐憫
誰料此際被情困 想伊人空抱憾
春色醉人夜已深 結他輕奏別離韻
盟誓毀碎淚難禁 嘆息知音夢裡尋

亂我心思傷透神 舊愛竟貪新
腸斷那堪風陣陣 悽怨倩誰問

街燈已殘月暗昏 惋惜空記熱情吻
徒自追索綠雲鬢 嘆息知音夢裡尋

亂我心思傷透神 舊愛竟貪新
腸斷那堪風陣陣 悽怨倩誰問

街燈已殘月暗昏 惋惜空記熱情吻
徒自追索綠雲鬢 嘆息知音夢裡尋
徒自追索綠雲鬢 嘆息知音夢裡尋"
30,KKBOX.com,,許冠傑 (Sam Hui),鬼馬大家樂：香港交通歌+醫生頌+點解要擺酒+拍拖安全歌 - Medley / Album Version,半斤八兩(許冠傑經典電影原聲大碟),"作詞：許冠傑 / 黎彼得     作曲：Wynners


今朝塞到依家 把幾火想爆炸
踩油抽筋送波牙 恰眼瞓就梗聽瓜
香港交通最丟架 一講起都怕怕
今朝搵到依家 通街捐窿窿罅罅
終於吼到個Meter 一試又係彎架啦
香港車位夠羞家 想搵位一早要霸
無謂Chok住嘥鬼氣 交通差多多說話
有理冇理抄咗先啦 發告票 理得佢 最多公價

世界上有幾百樣人 祗發醫生一個
無論我點肚餓 無論我點折墮 終歸要醫好痛楚
世界上有幾百萬人 祗信醫生一個
成日替我檢驗 成日替我搞掂 一朝到晚維護我
你對佢 多多講嘢 根本當唱歌
佢照顧你 今生今世 你見佢多 收錢更多
世界上有幾百樣人 祗有醫生一個
能為我出力 能令我瓜直 始終永遠陪伴我

點解要擺酒 亂咁嘥錢冇理由
人人為飲一杯酒 累到夫妻一世憂
點解要擺酒 恨我整濕咗個頭
求人度水搵幫手 月尾薪金起勢扣
揸杯酒共渡患難 通檯走做阿茂
實係日後我與妳 做到獅子咁嘅口
點解要擺酒 望見張單報曬仇
難為自己一雙手 預算開支點會夠
難為自己一雙手 預算開支點會夠

天黑出街有排慌 拖友專興四圍蕩
一味疏肝 見賊佬梗生劏 Darling記住兩頭望 La La La
雖則公園有人看 看得幾看佢又暈浪
血影刀光 冇命仔真冤枉 拖友切勿四圍蕩 La La La
咪魯莽學人亂撞 遇著爛鬼盞剝清光
摑兩摑跟手綁幾綁 兇夾狼 隨時條命喪
乖女喜歡曬月光 家長擔心到傻戇
劫匪兇悍 嘆治安真不當 警方掃蕩靠謀望 La La La La La La"
31,Not Found,,許冠傑 (Sam Hui),夜半輕私語,半斤八兩(許冠傑經典電影原聲大碟),Not Found
32,KKBOX.com,1976/12/01,許冠傑 (Sam Hui),斷腸夢,The Private Eyes半斤八兩,"Currently there are no lyrics for this song. Be the first to submit the lyrics!
Check the tips now"
33,KKBOX.com,1976/12/01,許冠傑 (Sam Hui),追求三部曲,半斤八兩,"這首歌曲暫無歌詞，歡迎您投稿認養！
立即查看秘笈"
34,KKBOX.com,1976/12/01,許冠傑 (Sam Hui),流水恨,The Private Eyes半斤八兩,"這首歌曲暫無歌詞，歡迎您投稿認養！
立即查看秘笈"
35,Not Found,1976/12/01,許冠傑 (Sam Hui),財神到,The Private Eyes半斤八兩,Not Found
36,KKBOX.com,1988/01/01,許冠傑 (Sam Hui),何處覓蓬萊 - Album Version,財神到,"作詞：許冠傑, 黎彼得     作曲：許冠傑

心響往蓬萊 想身處蓬萊
仰望蓬萊所在 似被浮雲掩蓋

想找到蓬萊 偏不見蓬萊
遍歷人間世外 費盡勞力錢財

遙看天邊飛鳥 原野夕陽照耀
頓覺寧靜舒泰 恨怨漸似開解

方知卻原來 不必盼蓬萊
已是埋藏心內 蓬萊就是愛

遙看天邊飛鳥 原野夕陽照耀
頓覺寧靜舒泰 恨怨漸似開解

方知卻原來 不必盼蓬萊
已是埋藏心內 蓬萊就是愛"
37,KKBOX.com,1998/10/01,許冠傑 (Sam Hui),錢會繼續嚟,打工仔心聲98,"作詞：許冠傑, 黎彼得     作曲：Wayne Reichner

米貴 冇乜問題
諗計 咪懵懵閉
喥掂 就要發威
o的錢就會繼續o黎

冇米 隻雞就啼
撞鬼 咪巴巴閉
焗住 就殺隻雞啦
o的錢係會繼續o黎

過節送禮立定例
水鬼陛隍靠老細
你咪猛呻命運滯
要打基礎 MUN紅毛泥

冇計 咪鬼食泥
駛錢 當交水費
在下 奉勸各位
o的錢係會繼續o黎

o的錢係會繼續o黎
o的錢係會繼續o黎

米貴 冇乜問題
諗計 咪懵懵閉
喥掂 就要發威
o的錢就會繼續o黎

冇米 隻雞就啼
撞鬼 咪巴巴閉
焗住 就殺隻雞啦
o的錢係會繼續o黎

老友咪個論地位
駛乜孤寒詐詐諦
駛得開心應該駛
死慳死抵 想人提攜呀

咪制 你想入圍
冤鬼 咪懶經濟
萬事 係放遠睇
o的錢係會繼續o黎

o的錢係會繼續o黎
o的錢係會繼續o黎
o的錢係會繼續o黎"
38,KKBOX.com,1988/01/01,許冠傑 (Sam Hui),為你 - Album Version,財神到,"作詞：許冠傑, 黎彼得, 詹惠風     作曲：許冠傑

為妳情心一早已獻 情共愛添心間溫暖
願妳情相牽 始終相守相勉 誓約山盟今生永存

為妳從今不講再見 長伴裙邊永共纏綿
願妳同相依 每天朝晚得見 莫再分離相思寸寸

渡過困苦 情義倍添 要共尋理想心更堅
就算理想 如夢似煙 但期望我倆愛今莫變遷

為妳從此相處永遠 同命鳥恩愛年年
願妳長相思 始終痴心一片 萬縷真情今生永莫變

渡過困苦 情義倍添 要共尋理想心更堅
就算理想 如夢似煙 但期望我倆愛今莫變遷

為妳從此相處永遠 同命鳥恩愛年年
願妳長相思 始終痴心一片 萬縷真情今生永莫變"
39,KKBOX.com,1988/01/01,許冠傑 (Sam Hui),麻雀耍樂 - Album Version,財神到,"作詞：許冠傑, 黎彼得     作曲：Russell

留二索扣六索 一摸三七索 再卒一九五八認真泡
求六索上二索 認真化鬼學 諗起卡窿岩岩一講就o黎
轉下手摸一索等黐三索 甩岩七索叫六九索
求六索有六索敲崩檯角 呢鋪真係代表咯

最鬼憎係屋企咁寂寞 去猛搵腳兩頭騰 成日頻撲
砌幾圈我身心最快樂 無本我照落埸 打親梗係主角

甩到手軟起哂泡 兼側側膊 將地骰仔猛咁卜
頭又重氣又索 口乾頸渴 幾大死做死搏

叫碗粥 打通宵再直落 唷地野定定神疲倦唔覺
咬口煙 拿鋪牌猛咁度 個袋帶定藥油 一於搵命仔搏

甩到手軟起哂泡 兼側側膊 整包花生猛咁剝
人人食到滿地殼 好似七國 打得真係爽咯

留二索扣六索 一摸三七索 再卒一九五八認真泡
求六索上二索 認真化鬼學 諗起卡窿岩岩一講就o黎
轉下手摸一索等黐三索 甩岩七索叫六九索
求六索有六索敲崩檯角 呢鋪真係代表咯"
40,KKBOX.com,1988/01/01,許冠傑 (Sam Hui),柔情淚 - Album Version,財神到,"作詞：許冠傑, 黎彼得     作曲：Lloyd, Weisman, Wise

舊愛消失風雨間 萬里阻隔再會難
款曲空寄柔情淚滿眼 低聲嘆隻影單

自怨當初空作繭 夜半枕冷碎夢殘
倇惜春去柔情淚滿眼 恐相見已恨晚

人生悲歡 世間滄桑 感慨有千萬
如今追憶 昔日歡聚 緣何別一旦

夢散煙消恩愛減 舊燕不會再復還
每當佳節柔情淚滿眼 痴心永遠莫挽

人生悲歡 世間滄桑 感慨有千萬
如今追憶 昔日歡聚 緣何別一旦

夢散煙消恩愛減 舊燕不會再復還
每當佳節柔情淚滿眼 痴心永遠莫挽

每當佳節柔情淚滿眼 痴心永遠莫挽"
41,KKBOX.com,1997/01/01,許冠傑 (Sam Hui),我愛你 - Album Version,寶麗金88極品音色系列-許冠傑,"作詞：許冠傑／黎彼得     作曲：PERRETTI-CREATORE-WEISS

我愛你
演唱:許冠傑 陳秋霞
編︰ALEX SAN


合：柔情無恨我愛你 講真心
我與你相依相親
論富與貧不應分
真心真意就合襯

男：手執鮮花親送贈
女：永遠與你兩心印
男：千金一刻多接近
女：濃情厚意喜不禁

合：喁喁情話我愛你
男：我的妹妹
女：o依 真係骨到痺
男：唉哂心機
女：咪咁佻皮
男：我叫鬈毛飛
女：應該走去做大戲


男：將心比己休顧忌
女：咪再鬥氣要講理
男：開開心心祝我哋
女：做對鴛鴦水中戲

男：情人其實我愛你 不相欺
女：我與你不分尊卑
男：共等佳期雙于飛
女：不分朝晚侍候你

合：我愛你 不相欺
我與你不分尊卑
共等佳期雙于飛
不分朝晚侍候你

男：人如燕飛
女：同諧連理
合：一生一世伴著你
女：人如燕飛
男：同遊同戲
合：今生今世伴著你"
42,KKBOX.com,2013/01/01,許冠傑 (Sam Hui),佛跳牆,許冠傑十八精選,"咁啱又茶樓齊共上
良朋談動向
花雕Dep幾兩
閒來尋樂暢
叫煲佛跳牆(佛跳牆)
炆得咁鬼香
計起就完全唔系貴
翅肚能潤肺
鮑參炆光雞
發菜同玉桂
配料落到齊(落到齊)
認真冇得揮
肥佬黎 倒眼輝
潺仔威 軟腳龜 擦啦餵

夾起吖連隨搽辣醬
確系怡神顏又養
一於搵手搶
完全唔異相
有福大家享(大家享)
駛乜咁緊張
成班友一味啄
含含聲一味啄
唔怕肚脹

肥佬黎 倒眼輝
潺仔威 軟腳龜 擦啦餵

咁岩又茶樓齊共上
良朋談動向
花雕Dep幾兩
閒來尋樂暢
叫煲佛跳牆(佛跳牆)
炆得咁鬼香
成班友一味啄
含含聲一味啄
唔怕肚脹

佛跳牆(佛跳牆) 炆得咁鬼香
見到佛跳牆(佛跳牆) 鬼都要裝香
正宗佛跳牆(佛跳牆) 炆得咁鬼香
見到佛跳牆(佛跳牆) 鬼都要裝香
超級佛跳牆(佛跳牆) 炆得咁鬼香
見到佛跳牆(佛跳牆) 鬼都要裝香"
43,KKBOX.com,1988/01/01,許冠傑 (Sam Hui),往事 - Album Version,財神到,"作詞：許冠傑, 黎彼得     作曲：Bennett, Tepper

編曲：黎彼得


往事 在我心裡湧現
往事不勝憧憬
徒令五內撩亂

往事 逝似天際閃電
往事空添懷想
人事息間萬變

愁對明月再圓
柔情若結心境千百轉
縱懷萬縷言
難令故夢重現

往事 令我朝晚思念
往事不堪回首
遺下悽酸恨怨

愁對明月再圓
柔情若結心境千百轉
縱懷萬縷言
無奈往事化煙

往事 令我朝晚思念
往事不堪回首
遺下悽酸恨怨

往事......"
44,KKBOX.com,1988/01/01,許冠傑 (Sam Hui),今宵 - Album Version,財神到,"作詞：許冠傑, 黎彼得     作曲：許冠傑

青春一轉眼逝去像煙般消
喜得你共同和唱 情歌愛調
期望種下情苗 手牽手心暗跳
不經不覺夜已曉

一生中願怨恨愛 難數多少
天空裡月圓月缺 誰可以料
塵俗裡樂迢遙 輕飄飄似隻鳥
拋開一切盡歡笑

情意問有幾多 相思也未算少
只盼望能令你知曉
情意永掛牽 真心彼此相照
我倆追尋夢裡暢享今宵

青春一轉眼逝去像煙般消
喜得你共同歷數 人生奧妙
期望種下情苗 手牽手心暗跳
今宵相對盡歡笑

情意問有幾多 相思也未算少
只盼望能令你知曉
情意永掛牽 真心彼此相照
我倆追尋夢裡暢享今宵

一生中願怨恨愛 難數多少
天空裡月圓月缺 誰可以料
誠望你樂悠悠 應珍惜分與秒
今宵應該盡歡笑 今宵應該盡歡笑"
45,KKBOX.com,1988/01/01,許冠傑 (Sam Hui),咪當我老襯 - Album Version,財神到,"作詞：許冠傑, 黎彼得     作曲：M. Stoller, J. Leiber

過o下SHOW HAND啤癮 我博殺認真KUNK
你DUM雞咩 冇要緊
最怕你出老千 想搵我笨
咪當我老襯

佢有舖偷雞癮 嚇到我週身震
博我KUM 我最MUNG
索性SHOW曬冷 底牌要問
咪當我老襯

我自信最有賭品 夠曬斯文
撞正鬥氣冤家 一於忍忍忍忍忍忍

四五o查起手震 博有啤好MUN
點知跌只三 又派只二
送尾起只煙添 認真夠運
咪當我老襯
咪當我老襯
咪當我老襯
咪當我老襯

四五o查起手震 博有啤好MUN
點知跌只三 又派只二
送尾起只煙添 認真夠運
咪當我老襯

十個八個SHOW HAND 要靠手神
撞正有對手牌 幾大跟跟跟跟跟跟

立曬身心興奮 笑到屋都震
佢發曬MUNG 面似灶君
我殺到佢清曬倉 七瘟八燉
咪當我老襯
咪當我老襯
咪當我老襯
咪當我老襯"
46,KKBOX.com,1988/01/01,許冠傑 (Sam Hui),愛 - Album Version,財神到,"作詞：許冠傑, 詹惠風     作曲：許冠傑

共探討情海韻味 一世永伴莫分離
樂與苦無須畏忌 只想與你似海鷗高飛

不會意分歧 共努力把愛編
終會見真理 望他朝不再相思兩地
永相聚 那管世事迷離

莫嘆息人生似夢 風雨過後現彩虹
願倆身長期與共 不必怨忿也不必驚恐

只要永相從 願彼此理想 一切也相同
準拋開所有悲傷與恨痛
誠望永遠 能共你愛心可永種

只要永相從 願彼此理想 一切也相同
準拋開所有悲傷與恨痛
誠望永遠 能共你愛心可永種"
47,KKBOX.com,,許冠傑 (Sam Hui),賣身契 - Album Version,半斤八兩(許冠傑經典電影原聲大碟),"作詞：許冠傑/黎彼得     作曲：許冠傑


蘇蝦仔未出世，都去搵玉皇大帝，聽佢講番Ｄ世俗條例，
嚦起張賣身契，豈勢咁擰頭擰髻，好坐低聽孤家講出一切。

喂！我要你架勢，你梗一家富貴，
我發起啷黎，會將你墊屍底，認真巴閉，
簽番張賣身契(賣身契)，攪掂筆入境費(仲要洗禮)，
咁蘇蝦仔至准出世。

蘇蝦仔大個左啦喂，識拍拖學人地曳，一次偷雞喊亦無謂，
番香閨論婚禮，俾八姑窒頭窒勢，好女婿 呢單認真襟計。

喂！你咪當免費，走精面咪制(咪制)，
我聽錢駛，你好挖倉底，重要三牲酒禮，
簽番張賣身契(仲要屋契)，攪掂筆外母費(傑過西米)，
咁蘇蝦仔至准出世。


香港地為生計，乜野都受人限制，睇報紙多多制度條例，
加差餉電費水費 Ｄ'食送'乜愈來愈貴，恩愛夫妻都頂心頂肺。

喂！咪太過閉翳，訓醫院更貴(太貴)，
養班馬騮仔，有苦暗啞抵，仲要交足書簿費，
一張張賣身契(賣身契)，枕住咁累你一世(做到甩肺)，
唉！總之一句柯彌吉帝(柯彌柯彌吉帝)。

一張張賣身契(賣身契)，枕住咁累你一世(做到甩肺)，
唉！總之一句柯彌吉帝羅，前世。"
48,KKBOX.com,2013/01/01,許冠傑 (Sam Hui),舞伴,Mr. BOO! The Contract賣身契,"作詞：許冠傑/黎彼得     作曲：許冠傑


紅男綠女 歡舞燈影裡
今宵喜相對 心心暗許
情懷若醉 跟舞步伴隨
溫馨中不覺 憶起愛侶

懷念那相思淚 依戀往日歡聚
翩翩儷影相隨 充滿樂趣
前塵若絮 恩怨莫問誰
得新歡相對 應該再醉


情懷若醉 跟舞步伴隨
溫馨中不覺 憶起愛侶

懷念那相思淚 依戀往日歡聚
翩翩儷影相隨 充滿樂趣
前塵若絮 恩怨莫問誰
得新歡相對 應該再醉"
49,KKBOX.com,1978/01/01,許冠傑 (Sam Hui),男兒漢 - Album Version,賣身契 - DCS,"作詞：許冠傑/黎彼得     作曲：許冠傑

●○●.男兒漢
●○.許冠傑
●.

男兒漢，誓要衝破萬尺浪，
在四海奮勇闖蕩，心有毅力人自壯。

男兒漢，立志英勇自領航，
誓要爭扎到彼岸，此志盡在四方。

應苦幹，拯救弱小殺豺狼，警惡懲奸意若狂，教碎瀝肝，
真好漢，必要罪魁劍下亡，警惡懲奸意若狂，教碎瀝肝。

●○●.男兒漢
●○.許冠傑
●.

男兒漢，立志英勇自領航，
誓要爭扎到彼岸，此志盡在四方。

應苦幹，拯救弱小殺豺狼，警惡懲奸意若狂，教碎瀝肝，
真好漢，必要罪魁劍下亡，警惡懲奸意若狂，教碎瀝肝。

男兒漢，自勉不要負重望，
被困災變與風浪，不要墮入塵俗網。
男兒漢，遇到波折莫志降，
命裡總會有希望，黑暗漸露曙光，
愁懷盡放 ~~~~

●○.許冠傑"
50,KKBOX.com,1978/01/01,許冠傑 (Sam Hui),世事如棋 - Album Version,賣身契 - DCS,"作詞：許冠傑, 黎彼得     作曲：許冠傑

倉卒歲月 世事如棋
每局都光怪陸離
驟晴驟雨人事天天變
有喜亦有悲

恩怨愛恨 世事如棋
每局都充滿傳奇
若顰若笑難辨心中意
似比幕前做戲

苦衷拋萬里 今天慶幸有知己
捉番盤棋共行樂
衝破內心藩籬

張眼遠望 世事如棋
每局應觀察入微
但求共你棋藝相比較
瞭解做人道理

恩怨愛恨 世事如棋
每局都充滿傳奇
若顰若笑難辨心中意
似比幕前做戲

苦衷拋萬里 今天慶幸有知己
捉番盤棋共行樂
衝破內心藩籬

張眼遠望 世事如棋
每局應觀察入微
但求共你棋藝相比較
瞭解做人道理"
51,KKBOX.com,1978/01/01,許冠傑 (Sam Hui),應該要自愛 - Album Version,賣身契 - DCS,"作詞：許冠傑/黎彼得     作曲：許冠傑

應該要自愛


人埋沒了天才 生趣問何在
萬勿再等待 年齡難復再
唔係到將來 空添憤慨
須緊記 呢句話 應該要自愛

無謂再癡呆 只顧現在
實在你心內 才華無限載
誰願意將來 餐餐喫白菜
不長進 空悔恨 應該要自愛

你有呀天才 佢有呀天才 應該要自愛
人人立志休悲哀 怨恨拋腦外
各有呀天才 趁有呀天才 必須要自愛
紅桃綠柳春花開 皆因灌溉

人入了棺材 福蔭尚存在
受惠既一代 才明瞭大慨
傳落去將來 好比接力賽
講真下 呢句話 應該要自愛


你有呀天才 佢有呀天才 應該要自愛
人人立志休悲哀 怨恨拋腦外
各有呀天才 趁有呀天才 必須要自愛
紅桃綠柳春花開 皆因灌溉

人埋沒了天才 生趣問何在
萬勿再等待 年齡難復再
唔係到將來 空添憤慨
須緊記 呢句話 應該要自愛

你有呀天才 佢有呀天才 應該要自愛
人人立志休悲哀 怨恨拋腦外
各有呀天才 趁有呀天才 必須要自愛
紅桃綠柳春花開 皆因灌溉

啦..............
啦..............

～一起 共勉之 唄！！～"
52,KKBOX.com,,許冠傑 (Sam Hui),人生的道路 - Album Version,半斤八兩(許冠傑經典電影原聲大碟),"Currently there are no lyrics for this song. Be the first to submit the lyrics!
Check the tips now"
53,Not Found,,許冠傑 (Sam Hui),學生哥,半斤八兩(許冠傑經典電影原聲大碟),Not Found
54,KKBOX.com,2002/01/01,許冠傑 (Sam Hui),杯酒當歌 - Album Version,真經典 - 許冠傑,"Lyricist: 黎彼得     Composer: 許冠傑


我時常清風兩袖 吊兒郎當最自由
但得有三餐足夠 為人樂觀好少掛憂
咪彈人貪新厭舊 愛情如海市蜃樓
問天賜幾許佳偶 離合悲歡定必有

飲番杯冰凍啤酒 高歌一曲氣量厚
無謂再去為情悔疚 你盡心庵心個嬲
我懷疑天邊宇宙 有神靈管轄地球
實應要睇通睇透 成敗得失莫追究

※ ※ ※ ※ ※ ※ ※ ※ ※ ※ ※ ※

飲番杯冰凍啤酒 高歌一曲氣量厚
無謂再去為情悔疚 你盡心庵心個嬲
我懷疑天邊宇宙 有神靈管轄地球
實應要睇通睇透 成敗得失莫追究

大家要睇通睇透 成敗得失莫追究"
55,KKBOX.com,1978/01/01,許冠傑 (Sam Hui),拜拜,賣身契,"這首歌曲暫無歌詞，歡迎您投稿認養！
立即查看秘笈"
56,KKBOX.com,2013/01/01,許冠傑 (Sam Hui),相思萬千重,Mr. BOO! The Contract賣身契,"Currently there are no lyrics for this song. Be the first to submit the lyrics!
Check the tips now"
57,KKBOX.com,1978/01/01,許冠傑 (Sam Hui),飲勝 - Album Version,賣身契 - DCS,"作詞：許冠傑, 黎彼得     作曲：許冠傑

飲勝 飲勝 大眾飲杯勁
將所有事當係零 個腦就平靜
飲勝 飲勝 就冇心火盛
公司既事要暫停 興到就盡情

整多兩PEG 加塊冰 模杯底論事情
講女人 傾馬經 開心D飲杯勝

飲勝 飲勝 大嗌急口令
亂講說話最忘形 有錯亦唔認
飲勝 飲勝 大跳扭扭擰
七分醉扮有二成 認真高鬼興

整多兩PEG 加塊冰 模杯底論事情
講女人 傾馬經 開心D飲杯勝

飲勝 飲勝 亂咁通街FING
灣仔當係秀茂坪 我腳步唔定
飲勝 飲勝 仲有些少剩
LUI嚮馬路當露營 車瓜都飲勝

飲勝 飲勝 就冇心火盛
拋開怨恨唱莫停 世界就和平

La......"
58,Not Found,1978/01/01,許冠傑 (Sam Hui),父母恩,賣身契 - DCS,Not Found
59,KKBOX.com,2016/04/28,"陳勳奇, Roel A. Gracia",太空內的快活 - Instrumental,重慶森林(電影原聲大碟) - Original Motion Picture Soundtrack,"這首歌曲暫無歌詞，歡迎您投稿認養！
立即查看秘笈"
60,KKBOX.com,1979/01/01,許冠傑 (Sam Hui),十個女仔 - Album Version,BTB '79夏日之情歌,"作詞：許冠傑, 黎彼得     作曲：許冠傑

監製：Rick Fung


十個女仔 九個認細 明明係老 佢話唔係
三張幾o野 紮起辮仔 青春美麗 就冇失禮

十個女仔 九個浪費 時時換季 已係成例
身光頸靚 襯起好睇 錢亂咁FING 為顧身世

十個女仔 九個實際 人人恨嫁 富裕門第
小妹選婿 要講家底 屈居妾侍 亦冇乜計

望女仔續個睇眼厲厲 (眼厲厲)
燕瘦環肥大細樣樣齊 (樣樣齊)
男仕實在要感激上帝 (HALLELUJAH)
皆因女仔使你意亂情迷

十個女仔 九個話咪 明明係制 猛話唔係
想討好佢 老鼠拉龜 一咪作狀 扮哂矜貴

十個女仔 九個玉砌 情懷善變 確係文藝
郁o的都會 發起啷o黎 一出眼淚 就要安慰

望女仔續個睇眼厲厲 (眼厲厲)
燕瘦環肥大細樣樣齊 (樣樣齊)
男仕實在要感激上帝 (HALLELUJAH)
皆因女仔使你意亂情迷

十個女仔 九個認細 明明係老 佢話唔係
三張幾o野 紮起辮仔 青春美麗 就冇失禮

十個女仔 九個浪費 時時換季 已係成例
身光頸靚 襯起好睇 錢亂咁FING 為顧身世

亦冇乜計 為顧身世
亦冇乜計 為顧身世
亦冇乜計 為顧身世"
61,KKBOX.com,1999/01/01,許冠傑 (Sam Hui),那裡是吾家 - Album Version,79夏日之歌集,"作詞：許冠傑/黎彼得     作曲：許冠傑

那裡是吾家


足跡遍天下，看透異國繁華，
桃源仙境似夢也，始終找不到吾家。

安居似虛話，遠處密罩雲霞，
何時一朝見霧化，子孫歡笑艷陽下。

啊！萬千燈火透廣廈，
啊！那裏是吾家。


啊！萬千燈火透廣廈，
啊！那裏是吾家。

足跡遍天下，看透異國繁華，
桃源仙境似夢也，始終找不到吾家。

安居似虛話，遠處密罩雲霞，
何時一朝見霧化，子孫歡笑艷陽下。

啊！萬千燈火透廣廈，
啊！那裏是吾家。

啊！萬千燈火透廣廈，
啊！那裏是吾家。"
62,KKBOX.com,1999/01/01,許冠傑 (Sam Hui),一生中幾許歡笑 - Album Version,79夏日之歌集,"作詞：許冠傑/黎彼得     作曲：許冠傑

一生中幾許歡笑


人人唔駛介紹，齊齊狂歡慰寂寥，
圍埋齊大跳，圍埋齊大叫，拋開顧慮你咪心焦。
彈彈情歌愛調，談談油脂既熱潮，
圍埋齊大跳，圍埋齊大叫，一於開心Ｄ講下笑。

明月與星星光永照，陪伴你分享歡與笑，
但願各位不再眼淚掉，輕輕鬆鬆珍惜分與秒，
明瞭人生奧妙，朋情永不會動搖。
年齡唔重要，錢財唔重要，一生中幾許歡笑。


人人唔駛介紹，齊齊狂歡慰寂寥，
圍埋齊大跳，圍埋齊大叫，拋開顧慮你咪心焦。
彈彈情歌愛調，談談油脂既熱潮，
圍埋齊大跳，圍埋齊大叫，一於開心Ｄ講下笑。

明月與星星光永照，陪伴你分享歡與笑，
但願各位不再眼淚掉，輕輕鬆鬆珍惜分與秒，
明瞭人生奧妙，朋情永不會動搖。
年齡唔重要，錢財唔重要，一生中幾許歡笑。
年齡唔重要，錢財唔重要，一生中幾許歡笑。"
63,KKBOX.com,2013/01/01,許冠傑 (Sam Hui),錫晒你,Mr. Boo! Theme From Games Gamblers Play,"作詞：許冠傑/黎彼得     作曲：許冠傑


錫哂你 你乖乖地 我實行錫哂你
倆家都拖到實隻手指尾 上去天棚放飛機

錫哂你 駛乜講 我直頭錫哂你
我係屋企帶定個影相機 替你鑼景訓o向地

照顧你 因住冷親 即刻蓋多張被
買o野盾俾你食 郁Ｄ慌死你餓過飢

一於錫哂你 你乖乖地我實行錫哂你
你想搬乜我做你好咕喱 冷氣機都托得起

錫哂你 駛乜講我直頭錫哂你
我洗衫洗褲又會整幾味 跟o的飛仔冇得比


照顧你 因住冷親 即刻蓋多張被
買o野盾俾你食 郁Ｄ慌死你餓過飢

一於錫哂你 你乖乖地我實行錫哂你
你想出街我做你好司機 送o野疏爽冇慳皮

錫哂你 駛乜講我直頭錫哂你
我洗衫洗褲又會整幾味 跟o的飛仔冇得比

錫哂你
一於錫哂你
一於錫哂你
冤鬼錫哂你"
64,KKBOX.com,1979/01/01,許冠傑 (Sam Hui),春夢 - Album Version,BTB '79夏日之情歌,"作詞：許冠傑/黎彼得     作曲：許冠傑

春夢


多少話 皆春夢
情路片刻欣逢 相思暗種
桃紅笑春風 綿綿情意重
於今隻影空對煙雨濛濛

多少恨 皆春夢
回味往昔痴纏 深恩錯送
情緣兩皆空 良辰難再共
痴痴對窗忽覺秋意漸濃

黃葉眼前飄飄露珠掛簾攏
徒令滿懷悽愴往事成幻夢
逝似一江春水漸漸東去
故地懷舊暗悲慟

多少淚 皆春夢
寒夜滿天星辰點點惹恨痛
梧桐怨秋風 無從見芳蹤
追憶美景春去鬱結重重


黃葉眼前飄飄露珠掛簾攏
徒令滿懷悽愴往事成幻夢
逝似一江春水漸漸東去
故地懷舊暗悲慟

多少淚 皆春夢
寒夜滿天星辰點點惹恨痛
梧桐怨秋風 無從見芳蹤
追憶美景春去鬱結重重"
65,KKBOX.com,1979/01/01,許冠傑 (Sam Hui),知心友 - Album Version,BTB '79夏日之情歌,"作詞：許冠傑, 黎彼得     作曲：許冠傑

監製：許冠傑, Tony Tang, Johnny Herbert


共並肩看夕陽光輝千縷 遙望晚霞足以開解困憂
恨與哀怨共仇不必追究 今天喜得一個知心友

面對波折重重君休苦透 同渡困難應要甘苦永守
若有衝突問題不須爭鬥 分析解決自然化恨仇

我共您此心永互扣 好比音韻二重奏
我共您不分老或幼 朋情柔柔共永久

讓美景永長留花開錦繡 長互勉享歡笑乾杯美酒
踏遍天下難求知心友 得到一個做人復何求

我共您此心永互扣 好比音韻二重奏
我共您不分老或幼 朋情柔柔共永久

讓美景永長留花開錦繡 長互勉享歡笑乾杯美酒
踏遍天下難求知心友 得到一個做人復何求"
66,KKBOX.com,2009/01/01,許冠傑 (Sam Hui),加價熱潮 - Album Version,ELEMENTS -中詞西曲,"Currently there are no lyrics for this song. Be the first to submit the lyrics!
Check the tips now"
67,KKBOX.com,1999/01/01,許冠傑 (Sam Hui),何日再相逢 - Album Version,79夏日之歌集,"作詞：許冠傑/黎彼得     作曲：許冠傑

何日再相逢


何日再相逢，暢聚惜匆匆，
冉冉烏雲，蓋掩月朦朧，

臨別意千重，往事刻心中，
遠隔天涯，悲戚難自控。

弧鴻各飛盼自重，那復計西東，
點點指爪不堪記，良朋惜別痛。

明日見飄蓬，舞動秋風中，
盼望你，心底裡，訊息能互送。


弧鴻各飛盼自重，那復計西東，
點點指爪不堪記，良朋惜別痛。

何日再相逢，有淚心間湧，
片片衷情，寄交潮浪送。
片片衷情，寄交潮浪送。"
68,KKBOX.com,1979/01/01,許冠傑 (Sam Hui),忍 - Album Version,BTB '79夏日之情歌,"作詞：許冠傑/黎彼得     作曲：許冠傑

忍
詞：許冠傑/黎彼得 曲：許冠傑


成日咁 mung 乜鬼都挪挪震 成日咁 mung 一陣你就呻笨
郁的火遮眼 我祝你好運 (白痴都有份)
無謂去撼 駛乜 mung刀挪棍 無謂去撼 應該接受命運
睇開的啦喂 咪嬲到失魂

一於要忍 幾大都要死忍
唔順氣呀 就會抽筋發 tee tun (身子要緊)
必須要忍 把幾火會燒心
唔係你呀 就有花圈送定殯


無謂咁汞 你要愛護敵人 無謂咁汞 拋開你既怨恨
因乜呱呱叫 去抖下啦笨 (係驚都兩份)
凡事放心 今晚好早的訓 凡事放心 聽朝你會轉運
諸君應該有阿Ｑ既精神

一於要忍 幾大都要死忍
唔順氣呀 就會抽筋發 tee tun (身子要緊)
必須要忍 把幾火會燒心
唔係你呀 就有花圈送定殯


一於要忍 幾大都要死忍
唔順氣呀 就會抽筋發 tee tun (身子要緊)
必須要忍 把幾火會燒心
唔係你呀 就有花圈送定殯
天國就近 果處就近"
69,KKBOX.com,2013/01/01,許冠傑 (Sam Hui),腐朽化神奇,許冠傑十八精選,"Currently there are no lyrics for this song. Be the first to submit the lyrics!
Check the tips now"
70,KKBOX.com,1979/01/01,許冠傑 (Sam Hui),催眠曲 - Album Version,BTB '79夏日之情歌,"作詞：許冠傑, 黎彼得     作曲：許冠傑

監製：許冠傑, Tony Tang, Johnny Herbert


人浮在世好比滿天星 明亮或暗數不清
流星耀眼光輝遍天空 轉瞬逝去無形

菩蕾定有一朝見花開 明媚艷美等君採
人生幻變不必記心中 歡笑定會復來

所以你放心安睡 拋卻一切莫掛累
輕抹去眼中的淚 此際盡忘掉顧慮

輕抹去眼中的淚 此際盡忘掉顧慮

人浮在世好比滿天星 明亮或暗數不清
流星耀眼光輝遍天空 轉瞬逝去無形

菩蕾定有一朝見花開 明媚艷美等君採
人生幻變不必記心中 歡笑定會復來

所以你放心安睡 拋卻一切莫掛累
輕抹去眼中的淚 此際盡忘掉顧慮

Hm......"
71,KKBOX.com,1999/01/01,許冠傑 (Sam Hui),說一聲再見 - Album Version,79夏日之歌集,"作詞：許冠傑, 黎彼得     作曲：許冠傑

監製：許冠傑, Tony Tang, Johnny Herbert


曾經天天相見 如今空對無言 甜蜜既詩篇
一息間變遷 愛海裡輕舟 終於擱淺

明知不應欺騙 何必一派胡言
無論昨天係點 美夢難重現 祇好說一聲再見

縱使心中悽酸 難求月缺復圓 毋用為我夢繫魂牽

何須傷心嗟怨 情天轉眼夢斷
前事化輕煙 過後莫懷念 匆匆說一聲再見

縱使心中悽酸 難求月缺復圓 毋用為我夢繫魂牽

何須傷心嗟怨 情天轉眼夢斷 前事化輕煙
過後莫懷念 匆匆說一聲再見 匆匆說一聲再見
再見 再見 再見 再見 再見"
72,KKBOX.com,1980/01/01,許冠傑 (Sam Hui),尖沙咀SUSIE - Album Version,念奴嬌,"作詞：許冠傑/黎彼得     作曲：許冠傑

尖沙咀Susie


有佢咁靚時 冇佢咁夠盞 尖沙咀Susie 點止咁簡單
樣貌與身材 Good Fit夠耀眼 想搵多個 都幾難

佢下下要有型 個性最好玩 出名鍊車王 響青山鬥片彎
日日喫幾籠 蝦餃當食晏 思想開放 好識嘆

尖沙咀Susie 駛乜憂兩餐 佢老竇勤力慣 響街市賣鴨蛋
尖沙咀Susie 屋企多靚衫 橙溝綠 米襯藍 套套惹火搶眼

佢碰見猛男 對眼會猛咁眨 風騷兼銷魂 乜都笑一餐
密密去Disco 通宵到達旦 攬身攬勢 都好閒

有佢咁野蠻 冇佢咁夠膽 尖沙咀Susie死都「坳」翻生
但望亞Susie 光陰咪亂散 青春一去 空悲嘆


尖沙咀Susie 駛乜憂兩餐 佢老竇勤力慣 響街市賣鴨蛋
尖沙咀Susie 屋企多靚衫 橙溝綠 米襯藍 套套惹火搶眼

佢碰見猛男 對眼會猛咁眨 風騷兼銷魂 乜都笑一餐
密密去Disco 通宵到達旦 攬身攬勢 都好閒

有佢咁野蠻 冇佢咁夠膽 尖沙咀Susie死都「坳」翻生
但望亞Susie 光陰咪亂散 青春一去 空悲嘆"
73,KKBOX.com,1980/01/01,許冠傑 (Sam Hui),夜夜念奴嬌 - Album Version,念奴嬌,"作詞：許冠傑, 黎彼得     作曲：許冠傑

夜夜念奴嬌 輕輕把名叫
心中一諗起 溫馨的歡笑 可解我寂寥

夜夜念奴嬌 即刻陰陰笑
心中一諗起 火般香吻妙 我會眼眉跳

無論時分秒 想起妳就發燒
回味妳笑也妙 喊也妙 我就煩悶也消

諗起初介紹 心中卜卜跳
與妳看月耀 開心不得了 韆鞦倆共搖

夜夜念奴嬌 癡得好緊要
相思知多少 初戀真美妙 愛意像狂潮

夜夜念奴嬌 即刻陰陰笑
心中一諗起 火般香吻妙 我會眼眉跳

無論時分秒 想起妳就發燒
回味妳笑也妙 喊也妙 我就煩悶也消

諗起初介紹 心中卜卜跳
與妳看月耀 開心不得了 韆鞦倆共搖

夜夜念奴嬌 癡得好緊要
相思知多少 初戀真美妙 愛意像狂潮
相思知多少 初戀真美妙 愛意像狂潮"
74,KKBOX.com,1980/01/01,許冠傑 (Sam Hui),搵做 - Album Version,念奴嬌,"作詞：許冠傑, 黎彼得     作曲：許冠傑

從前有個人叫莫大毛
日日攤響屋企等米路
神神化化作風虛無
又唔願剃鬚 (從成日去賭)

窮途意冷走去問前途
但願仙家指點三兩度
如何有法變得富豪
望黃大仙能預告 (呢枝簽話呢)

拿拿聲即刻走去搵野做
人必須知道自己既用途
唔去奮鬥 你咪望有酬勞 (NO NO NO NO)
想搵錢應該快手 COME ON LET'S GO

著著聲即刻走去搵野做
人必須旨意自己創路途
快去奮鬥 你實會攀得高
你要坐BENZ靠自己個腦

連隨悔覺好個莫大毛
立業興家終於走正路
榮華富貴靠刻苦耐勞
漸漸年事已高 (成就更高)

同時見個仔阿莫二毛
日日攤響屋企等米路
連隨秤佢起身搏命熬
話黃大仙曾預告

拿拿聲即刻走去搵野做
人必須知道自己既用途
唔去奮鬥 你咪望有酬勞 (NO NO NO NO)
想搵錢應該快手 COME ON LET'S GO

著著聲即刻走去搵野做
人必須旨意自己創路途
快去奮鬥 你實會攀得高
你要坐BENZ靠自己個腦

拿拿聲即刻走去搵野做
人必須知道自己既用途
唔去奮鬥 你咪望有酬勞 (NO NO NO NO)
想搵錢應該快手 COME ON LET'S GO

著著聲即刻走去搵野做
人必須旨意自己創路途
快去奮鬥 你實會攀得高
你要坐BENZ靠自己個腦

拿拿聲即刻走去搵野做
人必須知道自己既用途
唔去奮鬥 你咪望有酬勞 (NO NO NO NO)
想搵錢應該快手 COME ON LET'S GO"
75,Not Found,1980/01/01,許冠傑 (Sam Hui),這一曲送給您,念奴嬌,Not Found
76,KKBOX.com,1980/01/01,許冠傑 (Sam Hui),好景自己去尋 - Album Version,念奴嬌,"作詞：許冠傑/黎彼得     作曲：許冠傑

好景自己去尋


想半生 一知半解 事事百樣疑問
想半生 將假當真 事事錯後遺憾

令我不禁捫心自問
是否曾埋沒壯志
誓要開始醒覺做人 好景自己去尋

休嘆息 冤屈半生 日日悔恨愚笨
休嘆息 光陰似水 日日暗自懷恨

定要擺脫不羈放任
願我不會忘掉烙印
立志虛心補拙用勤 好景自己去尋

得與失 經分析必有因
因欠進取心
小痛楚 勿再望憐憫
全力上 莫再等


令我不禁捫心自問
是否曾埋沒壯志
誓要開始醒覺做人 好景自己去尋

得與失 經分析必有因
因欠進取心
小痛楚 勿再望憐憫
全力上 莫再等

休嘆息 冤屈半生 日日悔恨愚笨
休嘆息 光陰似水 日日暗自懷恨

定要擺脫不羈放任
願我不會忘掉烙印
立志虛心補拙用勤 好景自己去尋

想半生 一知半解 事事百樣疑問
想半生 將假當真 事事錯後遺憾

休嘆息 冤屈半生 日日悔恨愚笨
休嘆息 光陰似水 日日暗自懷恨

想半生 一知半解 事事百樣疑問
想半生 將假當真 事事錯後遺憾"
77,KKBOX.com,2011/01/01,許冠傑 (Sam Hui),夕陽 - Album Version,許冠傑 音樂大全 101,"作詞：許冠傑/黎彼得     作曲：David Gates

望見夕陽漫照葦草千千
又見稻田像那愛詩篇篇
懷緬我倆從前 共你每天此刻相見
互訴心曲手倆牽

望見夕陽艷美帶起炊煙
又見落霞令我記起當天
和你曠野流連 面對美景相相擁抱
話過真心不會變

每次細看往昔一封封信件
苦苦追憶 但覺悽怨片片
每次細看往昔一張張照片
綿綿柔情 又再逐漸浮現

但見夕陽漸己消失天邊
令我茫然 頓覺百感交煎
惆悵以往情緣 就似眼底光輝轉變
逝去匆匆不再見

每次細看往昔一封封信件
苦苦追憶 但覺悽怨片片
每次細看往昔一張張照片
綿綿柔情 又再逐漸浮現

望見夕陽漫照葦草千千
又見稻田像那愛詩篇篇
懷緬我倆從前 共你每天此刻相見
互訴心曲手倆牽
未料到他朝講再見"
78,KKBOX.com,1980/01/01,許冠傑 (Sam Hui),先敬羅衣後敬人 - Album Version,念奴嬌,"作詞：許冠傑/黎彼得     作曲：許冠傑

先敬羅衣後敬人


寧願少喫餐 時裝錢咪慳 就算水幹幾大要撐
如果識著衫 泥蜢充正班 做野亨通包冇話難

人人無論富或貧 都要曉得裝o下身
只要著得好款 開聲屋都震 有冇現款冇人問

皮鞋明亮冇滴塵 記住領呔花要新
君見否尖沙咀通街光棍 皆因先敬羅衣後敬人

啦啦啦啦.................
啦啦啦啦.................


寧願少喫餐 時裝錢咪慳 就算水幹幾大要撐
名廠 PIERRE CARDIN 來路出產 任我點揀都冇話煩

人人無論懶或勤 都要曉得裝o下身
睇你衣冠不整 差佬都捫警棍 當你係賊要盤問

注重洋服既流行 記住買樓皮要真
希爾頓摩囉差都講聲 WELCOME 皆因先敬羅衣後敬人

寧願少喫餐 時裝錢咪慳 就算水幹幾大要撐
如果識著衫 泥蜢充正班 做野亨通包冇話難
做野亨通包冇話難"
79,KKBOX.com,1980/01/01,許冠傑 (Sam Hui),始終被愁困 - Album Version,念奴嬌,"作詞：許冠傑/黎彼得     作曲：許冠傑

始終被愁困


人每當出生 不曉富貧
成人後染俗氣 諸多競爭

得到一朝得志 不會安份
總覺未能獲滿足 始終被愁困

環顧今婚姻 多少永恆
人容易厭舊侶 轉愛情人

家庭一朝 慘變 多怨多恨
飽暖望淫慾滿足 始終被愁困

是否 必須被愁困
是否 蒼天弄人

人人是否甘於被愁困 抑或情不自禁

人每多貪心 不惜背盟
時常互戰互鬥 失去靈魂
得到一朝顯貴 天國將近
一世為無盡滿足 始終被愁困

是否 必須被愁困
是否 蒼天弄人

人人是否甘於被愁困 抑或情不自禁

人每當出生 不曉富貧
成人後染俗氣 諸多競爭

得到一朝得志 不會安份
總覺未能獲滿足 始終被愁困
一世為無盡滿足 始終被愁困"
80,KKBOX.com,1980/01/01,許冠傑 (Sam Hui),發嗡風 - Album Version,念奴嬌,"作詞：許冠傑, 黎彼得     作曲：許冠傑

時時為要面亂髮風 明明係老鄉走去死充
谷到盡 玩o下手叻過龍
時時為要威亂髮風 明明係冇料亂爆一通
保下重 講多盞你肉痛

時時咁囉唆 口多多 口疏疏會有錯
講得多衰得多冇曬貨 人o地聽你就傻
時時阿之阿左 郁得多好好地變禍
懶專科 口水多 冇放過 人o地睬你就傻

人人為領功亂發翕風 求其亂咁車西變o左東
郁下重 亂咁逞英雄
窮人係有料少發翕風 何妨讓你威擔正先鋒
一有事 走先梗聽射中

時時咁囉唆 口多多口疏疏會有錯
講得多衰得多冇曬貨 人o地聽你就傻
時時阿之阿左 郁得多好好地變禍
懶專科 口水多 冇放過 人o地睬你就傻

人人為領功亂發翕風 求其亂咁車西變o左東
郁下重 亂咁逞英雄
逢人係有料少發翕風 何妨讓你威擔正先鋒
一有事 走先梗聽射中"
81,KKBOX.com,1980/01/01,許冠傑 (Sam Hui),每事問 - Album Version,念奴嬌,"作詞：許冠傑, 黎彼得     作曲：G. Stephens, L. Reed

學野必須肯多D去發問 問o下古今遠近
無論數學或地理天文 唔信問下人

若要攞高分 應該每事問 問下 不懂好快問
唔問最笨 求合格好掹

世界事物有千萬萬 科學日新兼月異怎去分
答案點樣去搵 你每事問會有好學問
經驗累積可辨別假與真 憑不斷去問人

莫再天天等 今天每事問 問o下 虛心d去問
唔明白再問 人就更聰敏

世界事物有千萬萬 科學日新兼月異怎去分
答案點樣去搵 你每事問會有好學問
經驗累積可辨別假與真 憑不斷去問人

莫再天天等 今天每事問 問下 虛心d去問
唔明白再問 人就更聰敏

La......"
82,KKBOX.com,1980/01/01,許冠傑 (Sam Hui),傀儡 - Album Version,念奴嬌,"作詞：許冠傑, 黎彼得     作曲：許冠傑

夜夜獻歌調 電結他手中舞弄隨樂韻搖
台下滿觀眾紛紛拍手呼叫 五彩歌衫被銀燈照

為大眾閃耀 又唱出溫馨愛調隨樂韻搖
忘掉了心中抑壓抑首歡笑 你總不知是籠中鳥

傀儡 求名利一世做工具
甘於置身虛幻夢裡 全力去追

傀儡 求名利一世做工具
他朝跌倒 可憐寄望誰

傀儡 求名利一世做工具
他朝跌倒 可憐寄望誰

但愿你閃耀 愿你歌聲飄遠地傳萬里遙
能令世間知音者倍添歡笑 你的光輝像陽光照

傀儡 求名利一世做工具
甘于置身虛幻夢裡 全力去追

傀儡 求名利一世做工具
他朝跌倒 可憐寄望誰

傀儡 求名利一世做工具
甘于置身虛幻夢裡 全力去追

傀儡 求名利一世做工具
他朝跌倒 可憐寄望誰

傀儡 求名利一世做工具
甘于置身虛幻夢裡 全力去追

傀儡 求名利一世做工具
他朝跌倒 可憐寄望誰"
83,KKBOX.com,1980/01/01,許冠傑 (Sam Hui),"再會, 香港 - Album Version",念奴嬌,"作詞：許冠傑, 黎彼得     作曲：許冠傑

清晨孤身去他方 黯然含淚滿腔
立心將理想達成 到彼邦 尋美夢 滿懷熱望

親朋祝福我安康 淒然無話再講
立心開拓新未來 到彼邦 完志願 再會香港

用勇氣 我不怕風浪 用幹勁 縱使難辛也闖
用鬥志 憑著熱血信心 但求達到願望 放眼望遠方

驕陽天邊吐金光 恍然離淚已乾
靜觀天際白雲 蓋高山 難眺望 再會香港

用勇氣 我不怕風浪 用幹勁 縱使難辛也闖
用鬥志 憑著熱血信心 但求達到願望 放眼望遠方

驕陽天邊吐金光 恍然離淚已乾
靜觀天際白雲 蓋高山 難眺望 再會香港 再會香港"
84,KKBOX.com,1981/01/01,許冠傑 (Sam Hui),摩登保鑣 - 電影《摩登保鑣》主題曲,摩登保鑣,"作詞：許冠傑, 黎彼得     作曲：許冠傑

香港o的飛仔打劫好新潮
o下o下都出o的怪招
出親街金錶火鑽好招搖
最怕有咁o岩得咁橋

你實在要請保鑣 諸君咪話無聊
若係有o左保鑣 你會無晒騷擾

一枝公煲煙睇戲好他條
會有把刀仔插腰
書院女青春可愛好嬌嬈
抨佢上車一於照標

你實在要請保鑣 諸君咪話無聊
若係有o左保鑣 你會無晒騷擾

古裝片都講o的保鑣
四處押貨戰血染山腰
替顧客消災 威名遠耀

家陣o的摩登保鑣
個個搏殺對你更關照
你要坐穩轎 請番個摩登保鑣

你實在要請保鑣 諸君咪話無聊
若係有o左保鑣 你會無晒騷擾

古裝片都講o的保鑣
四處押貨戰血染山腰
替顧客消災 威名遠耀

家陣o的摩登保鑣
個個搏殺對你更關照
你要坐穩轎 請番個摩登保鑣

香港o的飛仔打劫好新潮
o下o下都出o的怪招
出親街金錶火鑽好招搖
最怕有咁o岩得咁橋

你實在要請保鑣 諸君咪話無聊
若係有o左保鑣 你會無晒騷擾

摩登保鑣 無晒騷擾
摩登保鑣 無晒騷擾
摩登保鑣"
85,KKBOX.com,,許冠傑 (Sam Hui),印象 - Album Version,半斤八兩(許冠傑經典電影原聲大碟),"Currently there are no lyrics for this song. Be the first to submit the lyrics!
Check the tips now"
86,KKBOX.com,1981/01/01,許冠傑 (Sam Hui),扮 - Album Version,摩登保鑣,"作詞：許冠傑/黎彼得     作曲：許冠傑

扮o野


我時時扮o野 言談扮相妖冶
逢人就嗲 行為十足小姐
動作多扭擰 行路腰似蛇 雙眼又邪
帽又戴歪

時時扮o野 完全掂過碌蔗
頻頻換車 其實係指單車
做廁所洗地 成日充少爺
人人窒我 我照扮o野

我老竇查實姓謝(謝謝謝...)
改o左佢話姓小野(野野野...)
出街我仲夠LAIR-HAIR(LAIR-HAIR)
冇雨落成日帶遮(遮遮遮...)

野野野...

時時扮o野有料又好演o野
求其亂車 俄文日文識寫
重要懶醒目 凡時都要FAIR 敦正大蛇
重招待記者

時時扮o野 何妨扮到拼PAIR
逢人就賒 唔掂就搵姑姐
話阿三叔病 尋日死阿爺
連隨掂曬 我靠扮o野


我老竇查實姓謝(謝謝謝....)
改o左佢話姓小野(野野野...)
出街我仲夠LAIR-HAIR(LAIR-HAIR)
冇雨落成日帶遮(遮遮遮...)

野野野....

時時扮o野 言談扮相妖冶
逢人就嗲 行為十足小姐
動作多扭擰 行路腰似蛇 雙眼又邪
帽又戴歪

時時扮o野 完全掂過碌蔗
頻頻換車 其實係指單車
做廁所洗地 成日充少爺
人人窒我 我照扮o野"
87,KKBOX.com,1981/01/01,許冠傑 (Sam Hui),笑就算 - Album Version,摩登保鑣,"作詞：許冠傑, 黎彼得     作曲：許冠傑

笑下就算 無謂咁緊張笑下就算
人海滄桑多變遷 誰會永遠獲如願
是非得失少不免 要順下自然

笑下就算 毋用太憂心笑下就算
無須天天多牽掛 雲會散去月重現
漫天風霜終轉暖 地球日日轉

何必諸多淒酸 容我衷心相勸
塵世種種恩怨 他朝也盡化煙
人生多麼短 誰顧得這麼遠
時間匆匆咁轉 轉眼就完

笑下就算 凡事要睇開笑下就算
如果衝出這個圈 唔怕再會受迷亂
蝕抵多少都算 地球日日轉

何必諸多淒酸 容我衷心相勸
塵世種種恩怨 他朝也盡化煙
人生多麼短 誰顧得這麼遠
時間匆匆咁轉 轉眼就完

笑下就算 毋用太憂心笑下就算
無須天天多牽掛 雲會散去月重現
漫天風霜終轉暖 地球日日轉
地球日日轉 地球日日轉
地球日日轉 地球日日轉
地球日日轉 地球日日轉"
88,KKBOX.com,1981/01/01,許冠傑 (Sam Hui),長春不老 - Album Version,摩登保鑣,"作詞：許冠傑, 黎彼得     作曲：許冠傑

要長春不老 秋風一氣就進補
要長春不老 大閘蟹應該淨吃羔
成日要燉翅食燕窩奶露
平時吃飯吃藥要依鐘數
要長春不老 心境咪暴躁

要長春不老 朝朝起身練跳高
要長春不老 落雨打風亦要操
晨運托住塊石YANG幾里路
蟷螂大極劍術要耍幾套
要長春不老 郁多Ｄ最著數

一出親街你要記住剃鬚
額角一見脫髮成日戴帽
老友問年齡求其亂報 時時認細佬

要長春不老 早起早抖就最好 (身體會好好好好)
要長春不老酒色煙賭話句NO (幾大要NO NO NO NO)
成日搏命去學最新舞步
平時假日記住著Ｄ花布
要長春不老 通通要做到

一出親街你要記住剃鬚
額角一見脫髮成日戴帽
老友問年齡求其亂報 時時認細佬

要長春不老 早起早抖就最好 (身體會好好好好)
要長春不老酒色煙賭話句NO (幾大要NO NO NO NO)
成日搏命去學最新舞步
平時假日記住著Ｄ花布
要長春不老 通通要做到

要長春不老 通通要做到"
89,KKBOX.com,1981/01/01,許冠傑 (Sam Hui),我的心仍屬於您 - Album Version,摩登保鑣,"作詞：許冠傑, 黎彼得     作曲：許冠傑

共妳意見多分歧 事到予今不可再避
子女在遊戲 全未瞭解雙親痛悲

望妳對阿輝阿薇 倍加關心體恤佢地
使佢地明理 咪把DADDY在心記

情所鍾 妳未有相欺 何須多介懷是與非
緣已盡 一早已預備 無奈我不忍拾離妳

共妳此刻惜分離 各走一方分飛異地
輕挽著行李 甜蜜往昔偏偏記起

念八載枕邊恩情 說不出心中滋味
怎去淡忘妳 我的心仍屬於妳

情所鍾 妳未有相欺 何須多介懷是與非
緣已盡 一早已預備 無奈我不忍拾離妳

共妳此刻惜分離 各走一方分飛異地
輕挽著行李 甜蜜往昔偏偏記起

念八載枕邊恩情 說不出心中滋味
怎去淡忘妳 我的心仍屬於妳

怎去淡忘妳 我的心仍屬於妳"
90,KKBOX.com,1981/01/01,許冠傑 (Sam Hui),"恭喜,恭喜 - Album Version",摩登保鑣,"作詞：許冠傑, 黎彼得     作曲：許冠傑

恭喜 恭喜 春節笑微微 財神陪住你 時時大四喜
恭喜 恭喜 福到你門楣 場場馬都勝利 週年有運氣

恭喜 恭喜 考試冇話肥 兒童成大器 才華耀世紀
恭喜 恭喜 雞靚鴨又肥 人人有本有利 聲名遍萬里

多吉多利 年頭好景好到尾 添屋添地 文鹹東街歸曬你
恭祝街坊老友記 個個一切順順利 老李老四互助又和氣

恭喜 恭喜 婚禮快定期 同諧連理 連隨就有喜
恭喜 恭喜 夫婦冇別離 人人冇乜禁忌 精神夾健美

多吉多利 年頭好景好到尾 歡天喜地 燃油減番七個四
恭祝街坊老友記 個個一切順順利 老李老四互助又和氣

恭喜 恭喜 婚禮決定期 同諧連理 連隨就有喜
恭喜 恭喜 夫婦冇別離 人人冇乜禁忌 精神夾健美

人人冇乜禁忌 精神夾健美"
91,KKBOX.com,,許冠傑 (Sam Hui),人辦 - Album Version,半斤八兩(許冠傑經典電影原聲大碟),"作詞：許冠傑/黎彼得     作曲：許冠傑

佢為人無聊返工等放工
時時蛇王郁D詐胃痛
隨時頭暈傷風腳話凍
放假俾佢即刻通街貢

求人同情花款幾百種
時時同人Wear水當贈送
每次到佢出錢嗌肉痛
送嘢俾個Girl friend出手重

佢成條搞風搞雨掘尾龍
隨時等炒攞慣大信封
頻頻有意製造人內鬨
佢望人罷晒工

同人嘈把聲響過喇叭筒
一打交「啜」聲屈尾十嗌鬆
走精面卸晒膊累埋大眾
專門搞搞貢

佢時時同人打牌專搏懵
明明人求「卡窿」佢話碰
詐詐諦諦偷睇四面哄
佢最鐘意週身郁郁貢

平時逢人請飲梗肚空
同檯人人乾杯佢食餸
次次同人猜枚冇話中
到尾梗要打包幾斤重

佢成條搞風搞雨掘尾龍
隨時等炒攞慣大信封
頻頻有意製造人內鬨
佢望人罷晒工

同人嘈把聲響過喇叭筒
一打交「啜」聲屈尾十嗌鬆
走精面卸晒膊累埋大眾
專門搞搞貢

佢為人無聊返工等放工
時時蛇王郁D詐胃痛
隨時頭暈傷風腳話凍
放假俾佢即刻通街貢

求人同情花款幾百種
時時同人Wear水當贈送
每次到佢出錢嗌肉痛
送嘢俾個Girl friend出手重"
92,KKBOX.com,,許冠傑 (Sam Hui),陽光 - Album Version,半斤八兩(許冠傑經典電影原聲大碟),"Currently there are no lyrics for this song. Be the first to submit the lyrics!
Check the tips now"
93,KKBOX.com,1981/01/01,許冠傑 (Sam Hui),甜蜜的往事 - Album Version,摩登保鑣,"作詞：許冠傑, 黎彼得     作曲：許冠傑

獨回味甜蜜的往事 我共您綠野中散步
綿綿情意 您輕執起一節樹枝
在松樹塗劃一愛字 您仲會用個心括住
柔情無限 百般心思 使我會意

您話逢失意時 此心會為我醫
我若然心變時 此心會話您知

願留住甜蜜的往事 幻夢裏共您喜再遇
綿綿情義 您輕執起一塊石子
在岩石塗劃一愛字 您又試用個心括住
柔情無限 百般心思 體貼盡致

您話逢失意時 此心會為我醫
我若然心變時 此心會話您知

獨回味甜蜜的往事 我共您綠野中散步
綿綿情意 您輕執起一節樹枝
在松樹塗劃一愛字 您仲會用個心括住
柔情無限 百般心思 使我會意"
94,KKBOX.com,1981/01/01,許冠傑 (Sam Hui),歌曲解困憂,摩登保鑣,"Currently there are no lyrics for this song. Be the first to submit the lyrics!
Check the tips now"
95,KKBOX.com,1981/01/01,許冠傑 (Sam Hui),我問 - Album Version,摩登保鑣,"作詞：黃霑     作曲：馮添枝

我問 點會從前咁天真
不追名利 不染紅塵 相信美夢可變真
我問 點會從前咁可親
不知懷恨 不結仇人 相信個個係好人

究竟誰使我改變 令我消失了本真
再沒有傻氣 再沒有純潔 決定遺忘可愛的心
如何再變番好似同舊陣時 除盡俗氣俗韻

我問 點會從前咁天真
不追名利 不染紅塵 相信美夢可變真
我問 點會從前咁可親
不知懷恨 不結仇人 相信個個係好人

究竟誰使我改變 令我消失了本真
再沒有傻氣 再沒有純潔 決定遺忘可愛的心
如何再變番好似同舊陣時 除盡俗氣俗韻"
96,KKBOX.com,2011/01/01,許冠傑 (Sam Hui),難忘您 - Album Version,許冠傑 音樂大全 101,"作詞：許冠傑     作曲：許冠傑


當天分手 是我怪錯了您
一聲GOODBYE 然後各也不理
離別後才知道 無論我怎樣
也難忘您

難忘您的姿態動靜
略帶憂鬱的一雙眼睛
難忘記你的淺笑
像春天 像陽光照
和那離別匆匆的背影

每天把臂漫步
夜看星星一粒粒去數
難忘記您的擁抱
在雨中狂然起舞
和您常伴我心曲細訴

難忘您對我那種體貼入微
時時刻刻腦海中都緊記
愈想忘掉您 愈難忘掉您
我悔恨 我悔恨 我悔恨
把您欺

難忘您的姿態動靜
略帶憂鬱的一雙眼睛
難忘記你的淺笑
像春天 像陽光照
和那離別匆匆的背影

(每天把臂漫步 夜看星星一粒粒去數)
難忘記您的擁抱
在雨中狂然起舞
和您常伴我心曲細訴

難忘您對我那種體貼入微
時時刻刻腦海中都緊記
愈想忘掉您 愈難忘掉您
我悔恨 我悔恨 我悔恨
把您欺

為何每天感到乏味
為何夜裡輾轉傷悲

曾話過再也不想您
但到今天仍忘不了您
其實我還是深深愛著您

曾話過再也不想您
但到今天仍忘不了您
其實我還是深深愛著您"
97,KKBOX.com,,許冠傑 (Sam Hui),最佳拍檔 - Album Version,半斤八兩(許冠傑經典電影原聲大碟),"作詞：許冠傑     作曲：許冠傑


你名叫叮噹 個樣似蜜糖 平易近人 清新開朗
我名叫King Kong 個款似James Bond 最佳拍檔

咖啡你沖水 我加奶落糖 你洗衫我將Ｄ衫燙
我幫你溫錢 你幫我清倉 最佳拍檔

有乜野衝撞 你跟我不妨 拋開顧忌坐低講
你需要幫忙 我梗會幫忙 點樣辛苦都無相干

你晌我身邊 我不再彷徨 兩家一對膽都壯
我一切擔當 你不會驚慌 最佳拍檔


有乜野衝撞 你跟我不妨 拋開顧忌坐低講
你需要幫忙 我梗會幫忙 點樣辛苦都無相干

你晌我身邊 我不再彷徨 兩家一對膽都壯
我一切擔當 你可以心安 最佳拍檔

我地係 最佳拍檔
永遠係 最佳拍檔"
98,KKBOX.com,1982/01/01,許冠傑 (Sam Hui),我像一片雲 - Album Version,難忘您．紙船 - DCS,"作詞：許冠傑     作曲：許冠傑

我像一片雲 隨風飄遠飄近
南北西東 留低腳印 不知傷了幾遍心

我像一片雲 誰知飄到妳身近
明知不應 留低愛印 無奈已經情難自禁

今天我倆是愛人 明天請不要多問
此刻便已是永恆 只要愛得夠深

我像一片雲 如今北風已吹近
留低首歌 和一個吻 期望有天重彈舊韻

我像一片雲 誰知飄到妳身近
明知不應 留低愛印 無奈已經情難自禁

今天我倆是愛人 明天請不要多問
此刻便已是永恆 只要愛得夠深

我像一片雲 如今北風已吹近
留低首歌 和一個吻 期望有天重彈舊韻"
99,KKBOX.com,1982/01/01,許冠傑 (Sam Hui),十全十美 - Album Version,難忘您．紙船 - DCS,"作詞：黎彼得     作曲：許冠傑

我為尋伴侶諸多理想 盼望能如願以償
佢要十全十美品性優良 端莊純品人內向

要動人貌美肌膚似霜 愛重情濃義更長
對我服從像隻小羔羊 有好好文學修養

嘗盡野花百種幽香 仍然未得樂暢
各地盡覓懷著希望 徒然夢一場

我惘然頓覺不敢去想 再望能如願以償
那有十全十美的姑娘 只好留在歌唱

La......

佢要動人貌美肌膚似霜 愛重情濃義更長
對我服從像隻小羔羊 有好好文學修養

嘗盡野花百種幽香 仍然未得樂暢
各地盡覓懷著希望 徒然夢一場

我惘然頓覺不敢去想 再望能如願以償
那有十全十美的姑娘 只好留在歌唱

La......"
100,KKBOX.com,1982/01/01,許冠傑 (Sam Hui),快樂 - Album Version,難忘您．紙船 - DCS,"作詞：許冠傑     作曲：許冠傑

快樂


快樂是陽光普照的清晨 快樂是流水美妙的音韻
快樂其實分分鐘把您等 只要您 識得點去搵

快樂是尋找天際的星辰 快樂是回憶沙灘的足印
快樂其實邊一位都有份 不管您是富或貧

朋友愛 父母恩 每刻溫暖在我心
豁達滿足 仁愛施恩 快樂 便常共您相親

快樂是離開都市的煙塵 快樂是回家往浴缸一浸
快樂是一首好歌嘴裡哼 一張晚報 一杯香檳

快樂是賢妻給我的精神 快樂是兒子親暱的一吻
快樂長伴我這一生 皆因我是快樂人


快樂其實邊一位都有份 不管您是富或貧

朋友愛 父母恩 每刻溫暖在我心
豁達滿足 仁愛施恩 快樂 便常共您相親

快樂是離開都市的煙塵 快樂是回家往浴缸一浸
快樂是一首好歌嘴裡哼 一張晚報 一杯香檳

快樂是賢妻給我的精神 快樂是兒子親暱的一吻
快樂長伴我這一生 皆因我是快樂人
快樂長伴我這一生 皆因我是快樂人"
101,KKBOX.com,1982/01/01,許冠傑 (Sam Hui),迷途的小羔羊 - Album Version,難忘您．紙船 - DCS,"作詞：黎彼得　     作曲：許冠傑

迷途的小羔羊


迷途的小羔羊，彷徨不知方向，
對遠景空迷惘，未會衡量，
如求跨過高牆，全憑本身修養，
你要爭取上進，苦痛亦應嚐。

小羔羊，願你意志似驕陽，
山崗上，挑戰露冷風霜，
小羔羊，遇到挫折要堅強，
應該像，雛鳥學翱翔。

人如水那可量，提防荊棘魔障，
你要分清邪正，慧眼明亮，
迷途的小羔羊，如能分清方向，
你放心天涯去，終會願得償。


小羔羊，願你意志似驕陽，
山崗上，挑戰露冷風霜，
小羔羊，遇到挫折要堅強，
應該像，雛鳥學翱翔。

人如水那可量，提防荊棘魔障，
你要分清邪正，慧眼明亮，
迷途的小羔羊，如能分清方向，
你放心天涯去，終會願得償。
你放心天涯去，終會願得償。"
102,KKBOX.com,1997/01/01,許冠傑 (Sam Hui),紙船 - Album Version,寶麗金88極品音色系列-許冠傑,"Lyricist: 許冠傑     Composer: 許冠傑



路經海邊見隻小船 懷人萬里心暗酸
異鄉的她腦海湧現 如何把相思串
拾起張紙摺隻小船 徐徐地放於水面
靜心閉目許個願 船兒匆匆飄遠
望船實踐我這個願 遙遙長路也不倦
直去到她身邊 只求跟她一見
若她終於見隻紙船 盤旋夢裡千百轉
望她珍惜當中意義 齊齊把相思串

拾起張紙摺隻小船 徐徐地放於水面
靜心閉目許個願 船兒匆匆飄遠
望船實踐我這個願 遙遙長路也不倦
直去到她身邊 只求跟她一見
若他終於見隻紙船 盤旋夢裡千百轉
望她珍惜當中意義 齊齊把相思串

若她一天見隻紙船 盤旋夢裡千百轉
望她珍惜當中意義 齊齊把相思串"
103,KKBOX.com,1982/01/01,許冠傑 (Sam Hui),是您那一吻 - Album Version,難忘您．紙船 - DCS,"作詞：林敏驄     作曲：馮添枝

是您那一吻 令我心都震 還叫我心中喜不禁
是您那顆真心 使我重企的穩 是您令我想抱得緊

是您那一吻 令我心中激奮 還與我手相牽心相允
令我珍惜今天 永遠在我身邊 是您在我心深印

誰令我 此刻 充滿種種懷念
誰令我 突然癡癡 咁笑一陣

是您那一吻 令我心中興奮 情往我手中輕輕滲
是您那種天真 使我沒有傷感 是您在我心深印

誰令我 此刻 充滿種種懷念
誰令我 突然癡癡 咁笑一陣

是您那一吻 令我心中興奮 情往我手中輕輕滲
是您那種天真 使我沒有傷感 是您在我心深印

是您那一吻 令我心中激奮 還與我手相牽心相韻
令我珍惜今天 永遠在我身邊 是您在我心深印

是您在我心深印"
104,KKBOX.com,1982/01/01,許冠傑 (Sam Hui),愛像黃昏 - Album Version,難忘您．紙船 - DCS,"作詞：黎彼得     作曲：許冠傑

夕陽隨著我心寸寸地下沉 懷念到別了的妳添傷感
舊情猶像眼底幻變的光陰 萬千崔燦匆匆帶走像黃昏

白雲才合乍分片片在運行 浮現了逝去的愛多繽紛
願能迷幻變真舊愛可翻新 結他輕奏當天那首抒情樂韻

懷緬海灘的擁吻 熱愛在無聲互印 同您每一刻都感到興奮
時常令我拋開抑鬱痛苦 解去悶困

熱情仍在我心每夜在夢魂 無奈我半點施予都不敢
未能回復信心誤了好光陰 愛火彷似天變美景光明漸暗

懷緬海灘的擁吻 熱愛在無聲互印 同您每一刻都感到興奮
時常令我拋開抑鬱痛苦 解去悶困

熱情仍在我心每夜在夢魂 無奈我半點施予都不敢
未能回復信心誤了好光陰 愛火彷似天變美景光明漸暗

愛火彷似天變美景光明漸暗"
105,KKBOX.com,1982/01/01,許冠傑 (Sam Hui),昨天 - Album Version,難忘您．紙船 - DCS,"作詞：許冠傑     作曲：許冠傑

昨天 每朵鮮花都一一為我展
沒有悲傷哭泣美景常見 凡事總會獲如願
昨天 您的聲音都每刻在耳邊
伴一起雙雙併肩同勉 共你恩愛又纏綿

昨天 每顆星星都彷似為我閃
但那光輝今天再難復見 甜蜜往事成片段
到今天 您的聲音都不再在耳邊
逝去溫馨此刻巳難復見 曾下允諾難兌現

昨天 我的膽色充足敢於冒險
但那心境今天變得柔軟 人亦感到極疲倦
到今天 每首悲歌都一一為我選
但覺今非昔比嘆息人事變 令我感慨念從前

昨天 每顆星星都彷似為我閃
但那光輝今天再難復見 甜蜜往事成片段
到今天 您的聲音都不再在耳邊
逝去溫馨此刻巳難復見 曾下允諾難兌現

昨天 我的膽色充足敢於冒險
但那心境今天變得柔軟 人亦感到極疲倦
到今天 每首悲歌都一一為我選
但覺今非昔比嘆息人事變 令我感慨念從前"
106,KKBOX.com,1982/01/01,許冠傑 (Sam Hui),知恥近乎勇 - Album Version,難忘您．紙船 - DCS,"作詞：黎彼得     作曲：許冠傑

雲海中多變多波動 人生的際遇也相同
縱使今日兩手空 他朝可變做富翁
毋追憶失去的好夢 何必講往日既英雄
眼底草木正青葱 知恥近乎勇

成功憑沉默耕種 有希望 人就覺輕鬆
心中能忘掉苦痛 趁機會 平步上高峰 靠自己操縱

人本身總有他的用 唔應該去做應聲蟲
縱使今日未見通 始終都會度到通
雲海中多變多波動 人生的際遇也相同
理想握在你手中 知恥近乎勇

成功憑沉默耕種 有希望 人就覺輕鬆
心中能忘掉苦痛 趁機會 平步上高峰 靠自己操縱

人本身總有他的用 唔應該去做應聲蟲
縱使今日未見通 始終都會度到通
雲海中多變多波動 人生的際遇也相同
理想握在你手中 知恥近乎勇"
107,KKBOX.com,,許冠傑 (Sam Hui),跟佢做個Friend - Album Version,半斤八兩(許冠傑經典電影原聲大碟),"作詞：許冠傑     作曲：許冠傑


跟佢做個Friend 驚都咪使驚
我要執得好正 著恤衫反起領
Un嚇Un嚇似足撐艇
跟佢做個Friend 把口要好聽
讚佢生得好靚 對佢打雀噉眼
拖到手仔我就靈
（反復）認真羅命 認真羅命
越見得多佢佢越正
買只戒指鑲番粒鑽石 唔話佢聽
認真羅命 認真羅命
問我點解冇放大鏡
哎 佢話嫌細夾阻佢定
跟佢做個Friend Friend過打Band
佢唱歌聲好靚 我結他甩左柄
兩個跳舞認真搶境
跟佢做個Friend 驚親兩分驚
有雨札緊遮柄 咪個沙煲亂掟
知己可以做成

稍等一下

認真羅命 認真羅命
越見得多佢佢越正
教佢查車溫戲黎做 除笨有精
認真羅命 認真羅命
望見的彎佢猛亂掟
唉 我連隨嗌阿媽救命 Wooo
跟佢做個Friend Walkman兩份聽
去咖啡彎撐艇 再轉車出粉嶺
兩個吃曬一打西餅——（反復）
跟佢做個Friend 驚親兩分驚
有雨札緊遮柄 咪個沙煲亂掟
知己可以做成
有雨札緊遮柄 咪個沙煲亂掟
知己可以做成"
108,KKBOX.com,2000/01/01,許冠傑 (Sam Hui),這一種感覺 - Album Version,最佳拍檔大顯神通 - DCS,"作詞：許冠傑     作曲：許冠傑

這一種感覺問我怎麼去形容 竟不知不覺被它深深操縱
這一種感覺令人心急速的跳動 歡欣滿面如沐春風
這一種感覺令我消失了倦容 整天的工作亦覺得一身輕鬆
這一種感覺像存心把我戲弄 冬天已近還未知凍

妳會話是我心理作用 就算解釋妳恐怕難會懂
唯願 願我可永伴妳 永遠身處這感覺之中

這一種感覺像猛火一片熊熊 像風的奔放又似水波般洶湧
這一種感覺像場溫馨的美夢 祗感快樂忘盡苦痛
這一種感覺像法寶的確唔同 令膽小的我又變得相當英勇
這一種感覺像漩渦把我轉動 不可理喻難料得中

妳會話是我心理作用 就算解釋妳恐怕難會懂
唯願 願我可永伴妳 永遠身處這感覺之中

這一種感覺像猛火一片熊熊 像風的奔放又似水波般洶湧
這一種感覺像場溫馨的美夢 祗感快樂忘盡苦痛

祗感快樂忘盡苦痛"
109,KKBOX.com,1997/01/01,許冠傑 (Sam Hui),共妳常為伴 - Album Version,寶麗金88極品音色系列-許冠傑,"作詞：鄭國江     作曲：馮添枝


共妳常為伴，時時開心不會悶，
若果肯跟我相伴，在心中霸地盤，
共妳常為伴，成為忠心伙伴，
願意一起挽手渡，人生的一半。

共妳常為伴，求能開解心裡悶，
願可分擔妳心事，用真心作後援，
共妳常為伴，求能將心交換，
打開心窗說真話，情感的不滿。

心中麻煩共苦惱，我願分一半，
幸運，甜蜜共快樂，努力為妳搬。

共妳常為伴，唯求今生不再換，
大家真心永不二，同敲快樂門，
大家真心永不二，同敲快樂門，

心中麻煩共苦惱，我願分一半，
幸運，甜蜜共快樂，努力為妳搬。
共妳常為伴，唯求今生不再換，
大家真心永不二，同敲快樂門，

他朝榮譽共歡笑，我願分一半，
日後行前或退後，我願讓妳管，
共妳常為伴，成為終身伙伴，
共妳一起進入人生快樂門。
共妳一起進入人生快樂門。"
110,KKBOX.com,2000/01/01,許冠傑 (Sam Hui),在回憶中,最佳拍檔大顯神通 - DCS,"作詞：黎彼得     作曲：A.L.Webber/T.S.Elloit/T.Nunn

◎◎◎◎
◎◎◎
◎◎
◎
看見 在腦海裡又看見
共妳相愛那冬天 倆家初初見面
熱的心田 在冷冰箱中都感溫暖
在回憶中 日日看見

看見 夢裡彷似又看見
共妳相愛那春天 倆家歡欣笑面
萬語千言 互訴心曲把真心相獻
在回憶中 夜夜看見

又憶夏日 像火炎炎
烈日當空 嬉戲海邊
與妳挽手 跑去被熱浪捲
美景依稀在眼前

片片 又見楓葉片片
共妳相愛那秋天 每天必須見面
夜間失眠 為妳寫詩篇寫多少篇
在回憶中 落葉片片

(間奏)

又憶夏日 像火炎炎
烈日當空 嬉戲海邊
與妳挽手 跑去被熱浪捲
美景依稀在眼前

再見 逝去的往事再見
但我知道有一天 妳會終於發現
我的痴情 地老天荒都始終不變
在回憶中 又再見"
111,KKBOX.com,2000/01/01,許冠傑 (Sam Hui),茫茫前路 - OT：夢追,最佳拍檔大顯神通 - DCS,"作詞：許冠傑     作曲：鷺巢詩郎

茫茫前路 就是我命途
疑雲密佈 我隻身上路
遙望遠方那看得到
這一刻裡未會知道
縱使困惑 我不應給它嚇倒

茫茫前路 路上滿是岐途
如何覓路向 那處找記號
如若勇敢我會找到
我必不致墮進圈套
縱使艱辛 也必要體驗到

那怕雪花飛舞 那怕水深山高
人就要做到老 學到老 不信命數
那怕知識深奧 那怕細胞消耗
人就要做到老 學到老 不要逃

茫茫前路 但願我莫迷途
前行邁進 我仰首闊步
懷著信心已有分數
困憂苦惱盡已一掃
無窮美夢 我必會找到

那怕雪花飛舞 那怕水深山高
人就要做到老 學到老 不信命數
那怕知識深奧 那怕細胞消耗
人就要做到老 學到老 不要逃

茫茫前路 但願我莫迷途
前行邁進 我仰首闊步
懷著信心已有分數
困憂苦惱盡已一掃
無窮美夢 我必會找到

無窮美夢 我必會找到"
112,KKBOX.com,2000/01/01,許冠傑 (Sam Hui),美麗的片段,最佳拍檔大顯神通 - DCS,"作詞：許冠傑     作曲：許冠傑

感到惘然又覺瘋癲 怎會突然共你相戀
共您前幾天初次相見 今晚熱情像那火焰

仿似突然墮進深淵 不見盡頭在那一端
但覺在一起感到溫暖 不似往日般睏倦

良宵苦短 簾外雨點點灑不斷
這一刻祗有一個願 就是靜臥您身邊
情的開端 誰願去把愛根剪斷
暫且不理何時夢會完 留待那陣至心酸

就算這段情或有一天
不再復存逝似輕煙
就算大家終於要疏遠
我將永記住這片段
這個美麗的片段

仿似突然墮進深淵 不見盡頭在那一端
但覺在一起感到溫暖 不似往日般睏倦

良宵苦短 簾外雨點點灑不斷
這一刻祗有一個願 就是靜臥您身邊
情的開端 誰願去把愛根剪斷
暫且不理何時夢會完 留待那陣至心酸

就算這段情或有一天
不再復存逝似輕煙
就算大家終於要疏遠
我將永記住這片段
這個美麗的片段"
113,KKBOX.com,1997/01/01,許冠傑 (Sam Hui),是雨?是淚? - Album Version,寶麗金88極品音色系列-許冠傑,"作詞：許冠傑     作曲：許冠傑


滴滴雨點 彷彿似流淚
滴在我冰冷的身軀
看看手中那玉墜 家中的她已熟睡
漸漸覺得眼眶濕遍 是雨？是淚？

舊日與她 愛深沒愁慮
共渡困苦雨打風吹
今天的她怨受罪 不想把她再負累
立定決心離家他方去 夜雨伴隨

想起當初雙依雙對 心不禁唏噓
想起當初一切夢想 破滅那堪追
祝福她找得好鴛侶 不必再空虛
但願她今生多歡趣

道別我手中 她的玉墜
便擲向街角的一堆廢堆
抹去眼眶的雨或淚
「再見我走了！您繼續睡！」
就讓雨把往昔都衝去 莫怨恨誰

想起當初雙依雙對 心不禁唏噓
想起當初一切夢想 破滅那堪追
祝福她找得好鴛侶 不必再空虛
但願她今生多歡趣

滴滴雨點 彷彿似流淚
滴在我冰冷的身軀
看看手中那玉墜 家中的她已熟睡
漸漸覺得眼眶濕遍 是雨？是淚？"
114,KKBOX.com,2013/01/01,許冠傑 (Sam Hui),Pretty Woman,許冠傑十八精選,"PRETTY WOMAN 俾足一百分，
PRETTY WOMAN 呢種款邊處搵，
PRETTY WOMAN 佢Ｔ恤短褲貼實個身，我打雀咁眼，夾肉緊。

PRETTY WOMAN 幾大都要跟，
PRETTY WOMAN 我好比鬼上身，
PRETTY WOMAN 妳孤單一個怕未結婚，
小生今年也未結婚(啱啱好囉！)。

PRETTY WOMAN 香噴噴，
PRETTY WOMAN 我手震震，
口乾心跳，我實在情難自禁，
喂，PRETTY WOMAN 你請等等，
PRETTY WOMAN 我小姓尹，
瀟灑英俊我哋直頭合襯。
跟妳遇上我真夠運，
可否約定妳，去新界食龍躉？

PRETTY WOMAN 佢終於肯轉身，
PRETTY WOMAN 我即刻抽晒筋，
PRETTY WOMAN 佢蚊雞歪嘴個鼻崩，
一碌起雙眼似林亞珍！唉衰運！
點解會跟正個鬼驅人？
實在佢正面要倒扣廿分，
呢一趟捉錯咗用神，破壞氣氛！
唉，認真破壞氣氛！
唉~~今次黑過黑面神，
Oh~~ PRETTY WOMAN。"
115,KKBOX.com,2000/01/01,許冠傑 (Sam Hui),泡影,最佳拍檔大顯神通 - DCS,"作詞：鄭國江     作曲：梁樂聲

似火的熱情 似水的柔情
早化輕煙淡然逝去
你的倩影 留住那溫馨

每點小事情 也勾起前情
從前甜蜜永留在腦
無奈情盡變 喚你不再應

心中苦解不開 祗得信命數有前定
無緣難得久永 過去幾多柔情蜜意
早經散去像泡影 今宵盡馨

往昔的熱情 巳消失無形
綿綿情話巳難復聽
唯願尋夢去 共你相照應

每點小事情 也勾起前情
從前甜蜜永留在腦
無奈情盡變 喚你不再應

心中苦解不開 祗得信命數有前定
無緣難得久永 過去幾多柔情蜜意
早經散去像泡影 今宵盡馨

往昔的熱情 巳消失無形
綿綿情話巳難復聽
唯願尋夢去 共你相照應

綿綿情話巳難復聽 唯願尋夢去
共你相照應 共你相照應"
116,KKBOX.com,2000/01/01,許冠傑 (Sam Hui),"瑪莉,我好鍾意您! - Album Version",最佳拍檔大顯神通 - DCS,"作詞：許冠傑     作曲：T. Romeo

打開我本日記 由前頭讀落尾
無時唔提及妳
次次喫飯嫌魚腥雞冇味
運動又冇心機 時時圍住唱機
首首歌都點俾妳

數理化唔願理 頻頻留堂罰企
見妳放學擒擒青仆崩個鼻
但係重笑咪咪 黐黐地由妳起

瑪莉 我好鐘意妳
妳妳妳 要有心理預備
因為我決心追瘦妳
妳妳妳 莫逃避

依家我襟住被 仍然懷念著妳
每晚兩點搭四
我會發夢全海灘得我地
踏住浪跳飛機 手拖手食個梨

瑪莉 我好鐘意妳
妳妳妳 要有心理預備
因為我決心追瘦妳
妳妳妳 莫逃避

我要幾大幾大追到妳 決意厚面皮
日日夜夜搏命纏妳
一於死NGAI死LUR三覆被
冇晒法就賴死

瑪莉 我好鐘意妳
妳妳妳 要有心理預備
因為我決心追瘦妳
妳妳妳 莫逃避

打開我本日記 由前頭讀落尾
無時唔提及妳
次次喫飯嫌魚腥雞冇味
運動又冇心機 時時圍住唱機
首首歌都點俾妳

瑪莉 我好鐘意妳
妳妳妳 要有心理預備
因為我決心追瘦妳
妳妳妳 莫逃避

瑪莉 我好鐘意妳
妳妳妳 要有心理預備
因為我決心追瘦妳
妳妳妳 莫逃避

瑪莉 我好鐘意妳
妳妳妳 要有心理預備
因為我決心追瘦妳
妳妳妳 莫逃避

瑪莉 我好鐘意妳
妳妳妳 要有心理預備
因為我決心追瘦妳
妳妳妳 莫逃避

瑪莉 我好鐘意妳
妳妳妳 要有心理預備
因為我決心追瘦妳
妳妳妳 莫逃避

瑪莉 我好鐘意妳
妳妳妳 要有心理預備
因為我決心追瘦妳"
117,KKBOX.com,2000/01/01,許冠傑 (Sam Hui),愛韻,最佳拍檔大顯神通 - DCS,"作詞：許冠傑     作曲：Chandler, Mcknedry

跟您心意合襯 海邊看黃昏
春色醉人三月份 山坡一片綠茵
心中興奮萬分

給您一個熱吻 感激您情深
今天兩人多幸運 手牽手齊共哼
這一首愛韻

彼此愛得真 彼此信任
雖不見面時亦放心
對前途充滿信心 雙方答允
今生永不分

轉眼天巳漸暗 隱隱見漁燈
從海吹過涼風陣陣 風聲仿也在哼
這一首愛韻

彼此愛得真 彼此信任
雖不見面時亦放心
對前途充滿信心 雙方答允
今生永不分

轉眼天巳漸暗 隱隱見漁燈
從海吹過涼風陣陣 風聲仿也在哼
這一首愛韻"
118,KKBOX.com,2000/01/01,許冠傑 (Sam Hui),自從您一去,最佳拍檔大顯神通 - DCS,"作詞：許冠傑     作曲：許冠傑

殘葉滿山一堆堆 秋風正呼呼吹
我在冷風中從未感身處在風裏
自從妳一去 我天天都到這裏
對景追憶往日 共妳此處常聚

從沒有的空虛 驅不散的空虛
隨著每一天逐漸鬱結在心裏
自從妳一去 覺得天天都不對
對身邊一切事 都不感興趣

舊夢已化水 自妳匆匆一去
以往那繽紛就瞬時消失去
昨天的我 似無愁無畏懼
未知今天 會為情落了淚

甜蜜往事不堪追 空添嘆息唏噓
緣份已結束 就讓它消逝如飛絮
自從妳一去 我的心都已經碎
每點歡欣快樂 已經跟妳逝去

（間奏）

從沒有的空虛 驅不散的空虛
隨著每一天逐漸鬱結在心裏
自從妳一去 覺得天天都不對
對身邊一切事 都不感興趣

舊夢已化水 自妳匆匆一去
以往那繽紛就瞬時消失去
昨天的我 似無愁無畏懼
未知今天 會為情落了淚

甜蜜往事不堪追 空添嘆息唏噓
緣份已結束 就讓它消逝如飛絮
自從妳一去 我的心都已經碎
每點歡欣快樂 已經跟妳逝去"
119,Not Found,2000/01/01,許冠傑 (Sam Hui),新的開始,最佳拍檔大顯神通 - DCS,Not Found
120,Not Found,2000/01/01,許冠傑 (Sam Hui),偷心的人,最佳拍檔大顯神通 - DCS,Not Found
121,Not Found,2000/01/01,許冠傑 (Sam Hui),時光倒流,最佳拍檔大顯神通 - DCS,Not Found
122,KKBOX.com,2013/01/01,許冠傑 (Sam Hui),打雀英雄傳,Mr. BOO! The Private Eyes半斤八兩,"六嬸，三太公，大眾開枱啦面似蓮蓉。
又放工，打餐懵，圍埋砌幾圈論呀論英雄，誰是大英雄(大英雄)
落手三隻東，度到啱三叫二五六筒，(食呀)
截正糊，真陰功，騰騰震嬲到面呀面都紅。
上下家，搏曬懵，依牙鬆槓斬眉斬眼打籠通，
係咁鬆，正衰公，難為氹仔會浸呀浸蛟龍。
亂咁爭，真勢兇，學到足關帝座鎮華容，
恨滿胸，裹蒸粽，嗡嗡貢好似大呀大燈籠。
大相公，小相公，遇老千章法亂曬大龍，
食詐餬，包出沖，氹氹轉好似大呀大灰熊。
執左位，起過風，移燈換櫈洗手食煙熨櫃桶，
轉下運，確唔同，連隨喫幾舖我露呀露歡容。
混一色，碰七筒，一簡白板發財做眼槓紅中，
六八筒，叫卡窿，原來咁橋佢係呀係七筒。
掘尾籠，起勢攻，大四喜揸曬南北西東，
做牌，講天聰，頻頻滿餬我做呀做英雄，時勢做英雄(大英雄)。"
123,Not Found,2013/01/01,許冠傑 (Sam Hui),父親的鋼琴,Mr. BOO! The Private Eyes半斤八兩,Not Found
124,Not Found,2013/01/01,許冠傑 (Sam Hui),木屋區,Mr. BOO! The Private Eyes半斤八兩,Not Found
125,KKBOX.com,2003/01/01,許冠傑 (Sam Hui),洋紫荊 - Live,許冠傑經典演唱會全集,"霓虹燈光 購物天堂 自由都市 百業繁旺
捕魚小島 遍歷風浪 在地球一小角 卻負名望
在東方 有粒珍珠閃閃發光
外地人都嚮往要看看 這獨特社會香港
在香港 你我的家鄉香港
艷麗洋紫荊到處盛放 滿眼盡是 好風光
為未來香港 抱著希望 共謀方法 使它永安
路仍康莊 那用驚惶 望齊心一致 再破萬重浪
在東方 有粒珍珠閃閃發光
為未來香港再努力幹 不斷地發展使它更光
互相幫 困境風波一起去擋
讓洋紫荊永遠盛放 永遠是原狀 香港
在東方 有粒珍珠閃閃發光
為未來香港再努力幹
不斷地發展使它更光(使它更光)
互相幫 困境風波一起去擋
讓洋紫荊永遠盛放 永遠是原狀 香港
願明天香港 也是天堂
定能看得見 一點曙光"
126,Not Found,2003/01/01,許冠傑 (Sam Hui),愉快的旅程,許冠傑經典演唱會全集,Not Found
127,Not Found,2003/01/01,許冠傑 (Sam Hui),這雙手,許冠傑經典演唱會全集,Not Found
128,Not Found,2003/01/01,許冠傑 (Sam Hui),眼前人,許冠傑經典演唱會全集,Not Found
129,KKBOX.com,2003/01/01,許冠傑 (Sam Hui),Medley : 風中趕路人/ 無情夜冷風 - Live,許冠傑經典演唱會全集,"這首歌曲暫無歌詞，歡迎您投稿認養！
立即查看秘笈"
130,Not Found,2003/01/01,許冠傑 (Sam Hui),我是幸運人,許冠傑經典演唱會全集,Not Found
131,KKBOX.com,2003/01/01,許冠傑 (Sam Hui),最喜歡你 - Live,許冠傑經典演唱會全集,"這首歌曲暫無歌詞，歡迎您投稿認養！
立即查看秘笈"
132,Not Found,2003/01/01,許冠傑 (Sam Hui),再譜新愛歌,許冠傑經典演唱會全集,Not Found
133,Not Found,2003/01/01,許冠傑 (Sam Hui),藍牛仔褲,許冠傑經典演唱會全集,Not Found
134,KKBOX.com,1988/01/01,許冠傑 (Sam Hui),神秘女子 - Album Version,BTB - Sam & Friends,"作詞：潘源良     作曲：周啟生


忽然在近忽然在遠，像片輕煙，
忽然極冷忽然極暖，時常蛻變。
問你你是誰，在空虛心窩中笑著吸煙，
用你的沈默惹起了烈焰，用嘆息無奈噴出更多霧煙。

在這深宵像絲輕煙消失了在我枕邊，
在這深宵無夢再眠，不知道在那天，
不知道在那天，可再現眼前。

忽然在近忽然在遠，像片輕煙，
忽然極冷忽然極暖，時常蛻變。
問你你是誰，在空虛心窩中笑著吸煙，
用你的沈默惹起了烈焰，用嘆息無奈噴出更多霧煙。

在這深宵像絲輕煙消失了在我枕邊，
在這深宵無夢再眠，不知道在那天，
不知道在那天，可再現眼前。"
135,Not Found,1988/01/01,許冠傑 (Sam Hui),微風,BTB - Sam & Friends,Not Found
136,Not Found,1988/01/01,許冠傑 (Sam Hui),活在今天,BTB - Sam & Friends,Not Found
137,Not Found,1988/01/01,許冠傑 (Sam Hui),沙灘派對,BTB - Sam & Friends,Not Found
138,Not Found,1988/01/01,許冠傑 (Sam Hui),小趣味,BTB - Sam & Friends,Not Found
139,KKBOX.com,1982/01/01,許冠傑 (Sam Hui),難忘您 - Album Version,難忘您．紙船 - DCS,"作詞：許冠傑     作曲：許冠傑

難忘您
作詞：許冠傑 作曲：許冠傑

當天分手 是我怪錯了您
一聲 Goodbye 然後各也不理
離別後才知道
無論我怎樣
也難忘您

難忘您的姿態動靜
略帶憂鬱的一雙眼睛
難忘記您的淺笑
像春天 像陽光照
和那離別 匆匆的背影 呀…

每天把臂漫步
夜看星星一粒粒去數
難忘記您的擁抱
在雨中狂然起舞
和您常伴我心曲細訴

難忘您對我那種體貼入微
時時刻刻腦海中都僅記
愈想忘掉您
愈難忘掉您
我悔恨 我悔恨 我悔恨 把您欺

(難忘您的姿態動靜 略帶憂鬱的一雙眼睛)

難忘記您的淺笑
像春天 像陽光照
和那離別 匆匆的背影 呀…

(每天把臂漫步)
(夜看星星一粒粒去數)

難忘記您的擁抱
在雨中狂然起舞
和您常伴我心曲細訴

難忘您對我 那種體貼入微
時時刻刻 腦海中都僅記
愈想忘掉您
愈難忘掉您
我悔恨 我悔恨 我悔恨 把您欺

為何每天感到乏味
為何夜裡輾轉傷悲
曾話過再也不想您
但到今天 仍忘不了您
其實我 還是深深愛著您

曾話過再也不想您
但到今天仍忘不了您
其實我 還是深深愛著您"
140,Not Found,1982/01/01,許冠傑 (Sam Hui),海報女郎,難忘您．紙船 - DCS,Not Found
141,Not Found,1982/01/01,許冠傑 (Sam Hui),Christina,難忘您．紙船 - DCS,Not Found
142,KKBOX.com,2012/03/19,甄妮 (Jenny Tseng),無敵是愛 - Live,甄賞集 –甄妮經典金曲全紀錄,"作詞：許冠傑     作曲：顧嘉輝


(女)原來從前我困擾孤寂 是因心中 找不出愛
(男)原來從前我痛苦消極 因心結未解開

(女)現在有你以愛心相待 但覺力量 滿心中載
(男)現在有你寄託於心內 漆黑化做光彩

(合)聯繫著愛心 面對世界每個挑戰 協力永不分開
遇上引誘與波折 都不變改
用愛去戰勝一切 那懼途上障礙
共你永遠也相信 無敵是愛

(女)若是人人儲愛於心內 世間將會 更加可愛
(男)若是人人儲愛於心內 天天更具姿采

(女)但願人人以愛心相待 一生匆匆 光陰不再
(男)但願人人以愛心相待 驅走怨恨悲哀

(合)聯繫著愛心 面對世界每個挑戰 協力永不分開
遇上引誘與波折 都不變改
用愛去戰勝一切 那懼途上障礙
共你永遠也相信 無敵是愛

面對世界每個挑戰 協力永不分開
遇上引誘與波折 都不變改
用愛去戰勝一切 那懼途上障礙
共你永遠也相信 無敵是愛

Tra la la la la la la la la la la la la
願你永遠也相信 無敵是愛"
143,KKBOX.com,1985/01/01,許冠傑 (Sam Hui),星夜 - Album Version,最緊要好玩,"作詞：向雪懷     作曲：周啟生

星夜


夜深勾起了癡癡的盼望，像滿天星漆黑裡擦亮，
害羞的雙眼星星一樣，遙遙望我閃閃透光。

問今天的你可否一樣，在滿天星的一個晚上，
在窗邊的我深深的渴望，能陪著你星夜遙望。

射進心靈裡的光，完全是美麗妄想，是妄想......

那天當我失意失意時 未曾流淚看，
沒有心愛的你的你 在向誰講，
我已找遍星網星網下 人何方，
孤單的我 星雨下 你早已遺忘。


問今天的你可否一樣，在滿天星的一個晚上，
在窗邊的我深深的渴望，能陪著你星夜遙望。

射進心靈裡的光，完全是美麗妄想，是妄想.....

那天當我失意失意時 未曾流淚看，
沒有心愛的你的你 在向誰講，
我已找遍星網星網下 人何方，
孤單的我 星雨下 你早已遺忘。
孤單的我 星雨下 你早已遺忘。"
144,KKBOX.com,1985/01/01,許冠傑 (Sam Hui),愛情保險 - Album Version,最緊要好玩,"作詞：潘源良     作曲：周啟生

編曲：入江純


可否請休息一天 不傷心一天 叫美貌重新現溫暖
可否將當初拋開 將苦楚拋開 看看地球又轉一圈
跟他的分手 即使多心酸 過去事情不用多算
你要自強來面對 每次愛戀 沒有保險

愛若誠意自然不想有變 偏偏諸多變故亦無用
太心酸 心再亂 都不必因此怕被情義再相牽
祝福他 永遠自由渡每一天 展笑瞼 無愁懷 明艷再現
我亦曾這樣面對 因我實一貫未改 對你癡心一片

今天將心聲講穿 不想多遮掩 我卻未求朝夕相見
祗想輕輕講一聲 要理智打算 美與善仍在你身邊
跟他的分手 即使多心酸 過去事情不用多算
你要自強來面對 每次愛戀 沒有保險

愛若誠意自然不想有變 偏偏諸多變故亦無用
太心酸 心再亂 都不必因此怕被情義再相牽
祝福他 永遠自由渡每一天 展笑瞼 無愁懷 明艷再現
我亦曾這樣面對 因我實一貫未改 對你癡心一片

愛若誠意自然不想有變 偏偏諸多變故亦無用
太心酸 心再亂 都不必因此怕被情義再相牽
祝福他 永遠自由渡每一天 展笑瞼 無愁懷 明艷再現
我亦曾這樣面對 因我實一貫未改 對你癡心一片"
145,KKBOX.com,1985/01/01,許冠傑 (Sam Hui),長夜裡的相隨 - Album Version,最緊要好玩,"作詞：林敏驄     作曲：林敏怡

冷冷的車軌 載著這冷冷的車廂 緩緩的準確的到達
每個過客 似在透過每張臉 細訴藏內心的過往

經過多少次痛苦中的失意 人們總不知這是天意
疲累過後又疲累 為滿足這心裡 那陣笑 那暫借的影子

而你的纖纖小手 停在我手裡 如無窮長夜裡的相隨
而你的暖暖真心 常在永不去 輕輕感動著憂鬱的心裡

椅子倒影每陣車廂的光輝 快慰心境湧滿於心底
今天已不似往日那矇癡迷 妄去徒理想爭計

今天方知道 你的真愛可貴 能純真快樂已是一切
沉寂裡漸漸形成 內心的呼應 暖著了 暖著我的心底

而你的纖纖小手 停在我手裡 如無窮長夜裡的相隨
而你的暖暖真心 常在永不去 輕輕感動著憂鬱的心裡

而你的纖纖小手 停在我手裡 如無窮長夜裡的相隨
而你的暖暖真心 常在永不去 輕輕感動著憂鬱的心裡

而你的纖纖小手 停在我手裡 如無窮長夜裡的相隨
而你的暖暖真心 常在永不去 輕輕感動著憂鬱的心裡

輕輕感動著憂鬱的心裡"
146,KKBOX.com,1985/01/01,許冠傑 (Sam Hui),不想知道 - Album Version,最緊要好玩,"作詞：許冠傑     作曲：許冠傑

不想知道


共你初戀是那一個，誰人最早使你深深傾倒，
跟過誰人踏足愛路，滿是謎團卻不想知道。

又有幾個，曾共你擁抱，猶如我此刻跟你癡癡相好，
一起跳同樣的舞步，不想知道。

情深款款的吻，曾送與多少個人，
難禁妒恨纏繞於心，只為未能一早擁有你。

若我終於問這一切，祈求你永不給我一一數，
不要誠實的透露，不想知道。


又有幾個，曾共你擁抱，猶如我此刻跟你癡癡相好，
一起跳同樣的舞步，不想知道。

情深款款的吻，曾送與多少個人，
難禁妒恨纏繞於心，只為未能一早擁有你。

若我終於問這一切，祈求你永不給我一一數，
不要誠實的透露，不想知道。
不要誠實的透露，不想知道。"
147,KKBOX.com,1985/01/01,許冠傑 (Sam Hui),真金不怕熊爐火 - Album Version,最緊要好玩,"作詞：蔡國權     作曲：蔡國權

編曲：盧東尼
監製：關維麟


讓晚風就在輕輕撫我的心窩 今宵心中感嘆多
不知不覺歲月旁掠過 經過數不清的風波

讓晚空星星閃閃照耀我心窩 今宵星星不算多
彷彿顆顆也甚明白我 給我閃出光勉勵扶助

從前我立下志願 出去闖一闖 那怕路途受擋
在每天默默的闖 默默的幹 信念仍然是每日更壯

讓信心就像不熄不會暗的火 真金不怕熊爐火
高高山峰我亦曾立過 風雨怎可把我心嚇阻

從前我立下志願 出去闖一闖 那怕路途受擋
在每天默默的闖 默默的幹 信念仍然是每日更壯

讓信心就像不熄不會暗的火 真金不怕熊爐火
高高山峰我亦曾立過 風雨怎可把我心嚇阻

風雨怎可把我心嚇阻"
148,KKBOX.com,2010/01/01,許冠傑 (Sam Hui),最緊要好玩 - Album Version,20週年-許冠傑 90'電影金曲精選 - 20 Anniversary,"作詞：林振強     作曲：許冠傑

人其實天生奔放貪玩
原沒有拘束只有笑顏
悲觀我唔慣 追趕太陽似子彈

乘坐穿梭機打個空翻
雲霧裡縛起雙腳跳欄
威風似神探 追蹤愛神眼不眨

我想攀登火山 執塊石頭用黎煎蛋
其實開心好簡單 最緊要好玩

我願抬著午夜明月對你單眼
星光之上扯起帳幕與你浪漫
我願停頓宇宙凝望你那雙眼
使你無從忘掉這魅力先生

乘坐穿梭機打個空翻
雲霧裡縛起雙腳跳欄
追蹤太陽去 不准太陽早交更

人其實天生奔放貪玩
原沒有拘束只有笑顏
悲觀我唔慣 追趕太陽似子彈

我想踩三輪車 登陸月球賣牛腩飯
其實開心好簡單 最緊要好玩

我願抬著午夜明月對你單眼
星光之上扯起帳幕與你浪漫
我願停頓宇宙凝望你那雙眼
使你無從忘掉這魅力先生

其實我天生奔放貪玩
唔恨有獎品只要笑顏
不須有人讚 只須我仍覺好玩
不須有人讚 只須我仍覺好玩"
149,KKBOX.com,,許冠傑 (Sam Hui),心裡日記 - Album Version,半斤八兩(許冠傑經典電影原聲大碟),"作詞：林振強     作曲：許冠傑


夜之中 喜愛倚星辰 重頭重讀我的心裡日記
遲遲才去睡 原因每日都有你
你是我全部往昔往年 也是我來日每一天
這日記由從前寫到目前篇篇是愛言

願心中那日記 隨年變厚 而當中的角色 從無分手
齊編織歡笑聲和諧詩篇 為彼此抹掉愁 是暖的手
願心中那日記 長年暖透 藍灰灰的冷冬 黃黃的秋
而當中的兩顆 紅紅的心 在戀火裡逗留


人海中 只愛你一人為何如是 我不需說道理
旁人難細讀 藏於我內心那日記
你是我全部往昔往年 也是我來日每一天
這日記由從前寫到目前篇篇是愛言

願心中那日記 隨年變厚 而當中的角色 從無分手
齊編織歡笑聲和諧詩篇 為彼此抹掉愁 是暖的手
願心中那日記 長年暖透 藍灰灰的冷冬 黃黃的秋
而當中的兩顆 紅紅的心 在戀火裡逗留

願心中那日記 隨年變厚 而當中的角色 從無分手
齊編織歡笑聲和諧詩篇 為彼此抹掉愁 是暖的手
願心中那日記 長年暖透 藍灰灰的冷冬 黃黃的秋
而當中的兩顆 紅紅的心 在戀火裡逗留"
150,KKBOX.com,2006/01/01,許冠傑 (Sam Hui),愛到心震 - Album Version,正東 10 X 10 我至愛唱片-許冠傑最緊要好玩 - CD,"這首歌曲暫無歌詞，歡迎您投稿認養！
立即查看秘笈"
151,KKBOX.com,1985/01/01,許冠傑 (Sam Hui),真的愛你 - Album Version,最緊要好玩,"作詞：向雪懷     作曲：周啟生

轉角暗裡街中等你 支撐的雙眼感倦疲 在每晚上
悶透的晚上 只想我能重遇你 多孤單天天想你

過去對你不睬不理 天天都因我鎖著眉
是我冷漠 是我的冷漠 不知你完全為我 在往日獨留下你

現在我真的真的愛你 明白不應傷你的心 可否再跟我一起
現在我真的真的愛你 原諒那天一再無知 一再如此 不珍惜你

過去對你不睬不理 天天都因我鎖著眉
是我冷漠 是我的冷漠 不知你完全為我 在往日獨留下你

現在我真的真的愛你 明白不應傷你的心 可否再跟我一起
現在我真的真的愛你 原諒那天一再無知 一再如此 不珍惜你

我會永遠天天想你 天天想起也鎖著眉
在這以後 在這天以後 珍惜你完全為你 日夜在懷念你"
152,KKBOX.com,1985/01/01,許冠傑 (Sam Hui),日本娃娃 - Album Version,最緊要好玩,"作詞：許冠傑     作曲：許冠傑

日本娃娃


尋晚響東急 踫正個日本娃娃
對眼特別大 仲有尖尖既下巴
有Ｄ似中森明菜 唔係講假
趣怪又特別 直頭日本化

求愛敢死隊 我屬御三家
最注重浪漫 又夠風騷夠肉麻
戴起副紫色太陽鏡 人就瀟灑
百五磅魅力 實行大轟炸

Hello Kan Ban Wa 小姐你好嗎
Watashi Wa Hong Kong No MatchyDesu
Anata Wa Totemo Kawai
實行用架文跟佢 Friend 下


同佢去 Happy 跳上架 Toyota
去晚飯直落 共舞於 Casablanca
趁高興飛身上台唱 Careless Whispers
再散步月下 連隨幻想下

娶左娃娃 即刻就變晒身價
洗衫煲湯 Dum 骨鍊背脊遞茶
1997 哈! 果陣無有駛怕
實行住原宿 開間 Sushi Bar


同佢去宵夜我叫 Tempura
佢叫立立雜雜刺身鬼咁豪華
嗌找數三千零八 成份身家
佢笑住仲話 ""Arigato Gozaimashita""

陪佢番 Lobby 企正個日本爸爸
佢眼掘掘 大喝聲 Nan Desu Ka
亞女佢今年唔夠 16 and a half
佢劍道十段 話同我練下

Sayonara 忍著淚說 Goodbye啦！
Thanks Thanks Monica
摸摸個袋 唉駛淨八個幾咋
蝕埋份糧添呢次衰左啦

Sayonara 忍著淚說 Goodbye啦！
Thanks Thanks Monica
摸摸個袋 唉駛淨八個幾咋
蝕埋份糧添呢次衰左啦"
153,KKBOX.com,1985/01/01,許冠傑 (Sam Hui),Sexy Girl - Album Version,最緊要好玩,"作詞：林敏聰　     作曲：筒美京平

Sexy Girl


讓秀髮，風裡飄動，
天真眼裡，閃過溫暖目光，
視線已給她，輕輕搶去。

Sexy 輕咬手指跟我淺笑，
Sexy 飽滿身體使我心跳。

獨個我，走我的路，
不知道，竟會跟她遇到，
現我已給她，給她俘虜。

Sexy 叉起雙手，跟我貶眼，
Sexy 冰雪肌膚，使我驚歎。

我似已被美態帶動，我已失控，
她的影像足跡深陷腦海中，
只因她好比清風，迎著內心飄送，
已為我這個心中，驅走冰凍。


獨個我，走我的路，
不知道，竟會跟她遇到，
現我已給她，給她俘虜。

Sexy 叉起雙手，跟我貶眼，
Sexy 冰雪肌膚，使我驚歎。

我似已被美態帶動，我已失控，
她的影像足跡深陷腦海中，
只因她好比清風，迎著內心飄送，
已為我這個心中，驅走冰凍。

Sexy 輕咬手指跟我淺笑，
Sexy 飽滿身體使我心跳。

Sexy 叉起雙手，跟我貶眼，
Sexy 冰雪肌膚，使我驚歎。

Sexy 輕咬手指跟我淺笑，
Sexy 飽滿身體使我心跳。"
154,KKBOX.com,2010/01/01,許冠傑 (Sam Hui),親愛的 - Album Version,BTB 熱力之冠許冠傑 - CD,"這首歌曲暫無歌詞，歡迎您投稿認養！
立即查看秘笈"
155,KKBOX.com,2010/01/01,許冠傑 (Sam Hui),擦鞋仔 - Album Version,BTB 熱力之冠許冠傑 - CD,"這首歌曲暫無歌詞，歡迎您投稿認養！
立即查看秘笈"
156,KKBOX.com,2010/01/01,許冠傑 (Sam Hui),兩個世界 - Album Version,BTB 熱力之冠許冠傑 - CD,"這首歌曲暫無歌詞，歡迎您投稿認養！
立即查看秘笈"
157,KKBOX.com,2010/01/01,許冠傑 (Sam Hui),愛情逃犯 - Album Version,BTB 熱力之冠許冠傑 - CD,"這首歌曲暫無歌詞，歡迎您投稿認養！
立即查看秘笈"
158,KKBOX.com,2006/01/01,許冠傑 (Sam Hui),心思思 - Album Version,Sam Hui - Re-issue,"作詞：林振強     作曲：Terry Britten/Lynsey De Paul

心思思
編曲：渡邊茂樹


她使我心裡沒法靜止
難專心一意地去辦事
開始不知怎去楂筷子
無力再控制我四肢

真想與她抱著過日子
而不想早晚獨對電視
可惜她不知我的構思
從沒有注意這漢子

〔長期在心思思〕永遠單思
〔心思思〕晚晚咬手指
〔心思思〕冇晒FACE
〔心思思〕她始終不知


她使我消瘦漸變樹枝
和憂鬱得似玉置浩二
真想登篇廣告於報紙
詳述四百次我意思

〔長期在心思思〕永遠單思
〔心思思〕愛到線都癡
〔心思思〕猛咬草紙
〔心思思〕她始終不知


〔我開始〕尋找中醫與西醫 〔WHY〕願醫好我痴
〔中西醫〕東指指西指指 都醫不好我的痴
今晚只有一再

〔心思思〕永遠單思
〔心思思〕晚晚咬手指
〔心思思〕冇晒FACE
〔心思思〕她始終不知

〔長期在心思思〕永遠單思
〔心思思〕愛到線都癡
〔心思思〕猛咬草紙
〔心思思〕她始終不知

〔長期在心思思〕永遠單思
〔心思思〕晚晚咬手指
〔心思思〕冇晒FACE
〔心思思〕她始終不知

〔長期在心思思〕...."
159,KKBOX.com,2013/01/01,許冠傑 (Sam Hui),我的妹妹 - Album Version,新曲與精選,"這首歌曲暫無歌詞，歡迎您投稿認養！
立即查看秘笈"
160,KKBOX.com,2010/01/01,許冠傑 (Sam Hui),愛在別離時 - Album Version,BTB 熱力之冠許冠傑 - CD,"這首歌曲暫無歌詞，歡迎您投稿認養！
立即查看秘笈"
161,KKBOX.com,2010/01/01,許冠傑 (Sam Hui),懷傷 - Album Version,BTB 熱力之冠許冠傑 - CD,"這首歌曲暫無歌詞，歡迎您投稿認養！
立即查看秘笈"
162,KKBOX.com,2010/01/01,許冠傑 (Sam Hui),歡笑吧!ROSEMARIE - Album Version,BTB 熱力之冠許冠傑 - CD,"這首歌曲暫無歌詞，歡迎您投稿認養！
立即查看秘笈"
163,KKBOX.com,2010/01/01,許冠傑 (Sam Hui),需要你 - Album Version,BTB 熱力之冠許冠傑 - CD,"這首歌曲暫無歌詞，歡迎您投稿認養！
立即查看秘笈"
164,KKBOX.com,2015/02/06,許冠傑 (Sam Hui),做人要識Do - Live In Hong Kong,許冠傑-相識廿載演唱會'87 (升級版),"Currently there are no lyrics for this song. Be the first to submit the lyrics!
Check the tips now"
165,Not Found,2015/02/06,許冠傑 (Sam Hui),潮流興夾,許冠傑-相識廿載演唱會'87 (升級版),Not Found
166,KKBOX.com,2013/01/01,許冠傑 (Sam Hui),封佢做偶像,潮流興夾BAND,"作詞：許冠傑     作曲：許冠傑


佢搽到滿身香
啲指甲又吋半長
動作扭擰態度似個姑娘
喜歡對鏡猛自我欣賞
佢成日挽住化妝箱
捽到塊面似隻無常
服裝怪異格調夠晒東洋
一身基佬嘅扮相

人哋叫佢做基佬祥 基佬祥
佢總冇怕異相 由得你哋唱
抵封佢做偶像 Ah ha
抵封佢做偶像 Ah ha

佢同個密友叫Paul Leung
鍾意結伴曬太陽
泳褲仲幼過跳艷舞嘅姑娘
甫士最正志在搏影相
佢成日買定兩包薑
走去嘆午夜場
習慣貢夜店活躍歡場
睇啱邊個就上

人哋叫佢做基佬祥 基佬祥
佢總冇怕異相 由得你哋唱
抵封佢做偶像 Ah ha
抵封佢做偶像 Ah ha

佢話無謂替我緊張
只因冇你哋咁正常
我自細就有著這種傾向
喜歡嘅嘢你未會欣賞
人在世就快會幾張
眨下眼就要散場
就要放盡快活過一場
使乜驚你哋唱

人哋叫佢做基佬祥 基佬祥
佢總冇怕異相 由得你哋唱
抵封佢做偶像 Ah ha
抵封佢做偶像 Ah ha
基佬祥 基佬祥
佢總冇怕異相 由得你哋唱
抵封佢做偶像 Ah ha
抵封佢做偶像 Ah ha
抵封佢做偶像 Ah ha
抵封佢做偶像 Ah ha"
167,KKBOX.com,2013/01/01,許冠傑 (Sam Hui),悄然離去,潮流興夾BAND,"作詞：許冠傑     作曲：許冠傑


讓我悄然離去
Marianne 安睡
原諒我不辭而去
依依再靠近你身軀

共你已曾陶醉
片刻歡聚
無奈這雙情侶
只可以寄在童話裏

明日冷風吹 夢境便成過去
一切愉快前事
不可再追
無限空虛 無限怨懟
就讓時日 沖洗滅去

讓我悄然離去
痛苦心底結聚
難耐這刻離愁別緒
輕輕再吻著你的嘴

夢縱悄然而碎
你不必灑淚
留待有天復原情緒
便應知我抉擇原是對

明日冷風吹 夢境便成過去
一切愉快前事
不可再追
無限空虛 無限怨懟
就讓時日 沖洗滅去

讓我悄然離去
痛苦心底結聚
難耐這刻離愁別緒
輕輕再吻著你的嘴

夢縱悄然而碎
你不必灑淚
留待有天復原情緒
便應知我抉擇原是對"
168,KKBOX.com,2013/01/01,許冠傑 (Sam Hui),星空奇遇,潮流興夾BAND,"這首歌曲暫無歌詞，歡迎您投稿認養！
立即查看秘笈"
169,KKBOX.com,2013/01/01,許冠傑 (Sam Hui),武士精神,潮流興夾BAND,"這首歌曲暫無歌詞，歡迎您投稿認養！
立即查看秘笈"
170,KKBOX.com,2010/01/01,許冠傑 (Sam Hui),宇宙無限(電影《衛斯理傳》歌曲) - 電影《衛斯理傳奇》主題曲,20週年-許冠傑 90'電影金曲精選 - 20 Anniversary,"作詞：林振強     作曲：Donald Ashley

星空可有一對手
承擔起這沒邊緣宇宙和運轉地球
空中可有雙眼睛
由開始已在星河背後遙望這地球
誰掌管世間目前以後

當仰觀星星掛於天的腳踭
頓然自覺像塵末那樣的有限
我敬畏 實在是誰創造無限
那遠處 像是內藏制度和變幻

天空可有天殘舊
無聲的跌墜星河背後
人類與地球能否相見於萬年以後

當仰觀星星掛於天的腳踭
頓然自覺像塵末那樣的有限
海與山謙卑靠於風的臂彎
問誰令宇宙無限 宇宙無限

人在世有太多私心與紛爭
似不知一切輕重如毛造的針
瑣碎像塵

當仰觀星星掛於天的腳踭
頓然自覺像塵末那樣的有限
海與山謙卑靠於風的臂彎
問誰令宇宙無限 宇宙無限

人在世有太多私心與紛爭
似不知一切輕重如毛造的針
瑣碎像塵

我放眼 望著面前宇宙無限
我讚嘆 默默問誰創造無限

我放眼 望著面前宇宙無限
我讚嘆 默默問誰創造無限

我放眼 望著面前宇宙無限
我讚嘆 默默問誰創造無限"
171,KKBOX.com,2013/01/01,許冠傑 (Sam Hui),皆因你冇得彈,潮流興夾BAND,"這首歌曲暫無歌詞，歡迎您投稿認養！
立即查看秘笈"
172,KKBOX.com,2013/01/01,許冠傑 (Sam Hui),愛是無言,潮流興夾BAND,"這首歌曲暫無歌詞，歡迎您投稿認養！
立即查看秘笈"
173,KKBOX.com,2013/01/01,許冠傑 (Sam Hui),橫財夢,潮流興夾BAND,"遇靚女真啱我使 恨佢魔鬼嘅三圍
就算追到想結婚 話要擺酒百幾圍
為了娶得美妻 我願做奴隸 但無錢銀擘面咁滯
外母一雙眼睛 眼內是錢幣 話我衰仔咪想揼雞
今天錢與銀 大家都說最實際
若無錢銀嗰個樣 似烏龜
總之想發威 一於等到我旺季
横財夢定能實現 解決問題
為了打工邊有計 做到趴低似水泥
望吓波士嗰個樣 面口黑黑似鍾馗
為了搵餐晏仔 卻願做奴隸 下氣吞聲我心翳滯
做到手腫腳瘸 夾虐待腸胃 望有一天我可發威
今天錢與銀 大家都說最實際
若無錢銀嗰個樣 似烏龜
總之想發威 一於等到我旺季
横財夢定能實現 解決問題
若我一天可發威 盡把冤屈氣出齊
若我一天執個位 運氣速速快啲嚟
做過齣好戲睇 我立下宏誓 讓世間都變得美麗
運氣終於發揮 我後勁凌厲 讓我威威到天腳底
今天錢與銀 大家都說最實際
若無錢銀嗰個樣 似烏龜
總之想發威 一於等到我旺季
横財夢定能實現 解決問題"
174,KKBOX.com,2013/01/01,許冠傑 (Sam Hui),悶到透,潮流興夾BAND,"這首歌曲暫無歌詞，歡迎您投稿認養！
立即查看秘笈"
175,KKBOX.com,1988/01/01,許冠傑 (Sam Hui),我是太空人 - Album Version,BTB - Sam & Friends,"作詞：陳少琪     作曲：劉以達

重重浮雲 矇矇矓迎著我飄近
機艙裡望向窗外我心內 既失落也興奮
同僚良朋常搖頭明白我不幸
奔波千里為了今夜再親近 再可獲妳的吻

無法知在遠方心中境況 祈望妳不需隱藏
疲和倦眼光每夜未忘 甜夢裡重遇你歡笑開朗

(流浪無家漢 時常雲霧裡闖蕩)
為了一線寄望

無法知在遠方心中境況 祈望妳不需隱藏
疲和倦眼光每夜未忘 甜夢裡重遇你歡笑開朗

迷糊徬徨 如逃亡離別這海岸
匆匆趕往越過風浪 再希望我早日會釋放

無法知在遠方心中境況 祈望妳不需隱藏
疲和倦眼光每夜未忘 甜夢裡重遇你歡笑開朗

(流浪無家漢 時常雲霧裡闖蕩)
為了一線寄望
(流浪無家漢 時常雲霧裡闖蕩)
為了一線寄望
(流浪無家漢 時常雲霧裡闖蕩)
為了一線寄望
(流浪無家漢 時常雲霧裡闖蕩)"
176,KKBOX.com,1988/01/01,許冠傑 (Sam Hui),"你有你講(電影""雞同鴨講""歌曲) - 電影「雞同鴨講」主題曲",BTB - Sam & Friends,"作詞：許冠傑     作曲：許冠傑

我個媽打跟我個花打好一對鷸蚌 分分鐘拗撬認真多野講
花打講緊美蘇日韓 媽打講緊化粧
花打講股市 媽打講抽脂肪
我個賓妹工人跟個馬姐三姑最佳拍檔
馬姐聽督督撐 賓妹聽歌拉桑
馬姐炆豬腳加一羹白糖 賓妹講 No No You're wrong
一早起身兩個一中一英拗到上床 認真好拍檔

你有你講佢有佢講 兩個吱吱喳喳拗到面黃
o徒聲壞氣愈叫愈狂 嗌到拆喉嚨就快乾
你有你講佢有佢講 兩個嘰嘰呱呱口水奔放
始終都冇結論拗到天光 真係雞同鴨講(睬你都贛)
雞同鴨講 (認真惡講)

交通差跟個 Van 仔佬街邊辦案 Van 仔佬塊面似隻苦瓜乾
俾俾面俾一次機會得呱 交通差打起官腔
你超速兼超載衰梗上定堂
香港地分分鐘有雞同鴨講o既狀況
先生講數學你我答吹波糖 David 張係處扯緊鼻鼾
Mary 梁擠緊暗瘡 黑仔跟 Mark 少組織緊飛車黨
間班房一檔檔

你有你講佢有佢講 個個吱吱喳喳拗到面黃
o徒聲壞氣愈叫愈狂 嗌到拆喉嚨就快乾
你有你講佢有佢講 個個嘰嘰呱呱口水奔放
始終都冇結論拗到天光 真係雞同鴨講(睬你都贛)
雞同鴨講 (認真惡講)

你有你講佢有佢講 個個吱吱喳喳拗到黃面
o徒聲壞氣愈叫愈狂 嗌到拆喉嚨就快乾
你有你講佢有佢講 個個嘰嘰呱呱口水奔放
始終都冇結論拗到天光 真係雞同鴨講(睬你都贛)
雞同鴨講 (認真惡講)

真係雞同鴨講(睬你都贛)
雞同鴨講 (認真惡講)"
177,KKBOX.com,2010/01/01,許冠傑 (Sam Hui),沉默是金 - Album Version,BTB 金裝精選-許冠傑 - CD,"作詞：許冠傑     作曲：張國榮


編曲：鮑比達

夜風凜凜 獨回望舊事前塵
是以往的我 充滿怒憤
誣告與指責積壓著滿肚氣不忿
對謠言反應甚為著緊

受了教訓 得了書經的指引
現已看得透 不再自困
但覺有分數 不再像以往那般笨
抹淚痕輕快笑著行

冥冥中 都早注定你富或貧
是錯永不對 真永是真
任你怎說 安守我本份
始終相信沉默是金

是非有公理 慎言莫冒犯別人
遇上冷風雨休太認真
自信滿心裡 休理會諷刺與質問
笑罵由人 灑脫地做人

受了教訓 得了書經的指引
現已看得透 不再自困
但覺有分數 不再像以往那般笨
抹淚痕輕快笑著行

冥冥中 都早注定你富或貧
是錯永不對 真永是真
任你怎說 安守我本份
始終相信沉默是金

是非有公理 慎言莫冒犯別人
遇上冷風雨休太認真
自信滿心裡 休理會諷刺與質問
笑罵由人 灑脫地做人

少年人 灑脫地做人
繼續行 灑脫地做人
少年人 灑脫地做人
繼續行 灑脫地做人
少年人 灑脫地做人
繼續行 灑脫地做人
少年人 灑脫地做人"
178,KKBOX.com,1988/01/01,許冠傑 (Sam Hui),這一個日子 - Album Version,BTB - Sam & Friends,"作詞：向雪懷     作曲：許冠傑

當這日子開始接近我 心中都總記起
一個多情人曾求你說出你可愛我
當你說願意 從此朝晚伴我
即使聽到你講一個謊言 仍覺開心和幸福
今天只應該屬於你我 一生的開心日子不多
盲目愛過 甜夢裡醒過
每日我心中只有你一個
寒夜裡擁抱著你 午夜時親一親你
一生快樂全屬於你我

當這日子開始接近我 心中都總記起
一個癡情人從這天身邊多了我
當你說願意貧苦都愛我
一生不分開 幾個多情人 還會更比我幸福

今天只應該屬於你我 一生的開心日子不多
盲目愛過 甜夢裡醒過
每日我心中只有你一個
寒夜裡擁抱著你 午夜時親一親你
一生快樂全屬於你我

盲目愛過 甜夢裡醒過
每日我心中只有你一個
寒夜裡擁抱著你 午夜時親一親你
今天以後全屬於你我"
179,KKBOX.com,1988/01/01,許冠傑 (Sam Hui),神秘女子 - Album Version,BTB - Sam & Friends,"作詞：潘源良     作曲：周啟生


忽然在近忽然在遠，像片輕煙，
忽然極冷忽然極暖，時常蛻變。
問你你是誰，在空虛心窩中笑著吸煙，
用你的沈默惹起了烈焰，用嘆息無奈噴出更多霧煙。

在這深宵像絲輕煙消失了在我枕邊，
在這深宵無夢再眠，不知道在那天，
不知道在那天，可再現眼前。

忽然在近忽然在遠，像片輕煙，
忽然極冷忽然極暖，時常蛻變。
問你你是誰，在空虛心窩中笑著吸煙，
用你的沈默惹起了烈焰，用嘆息無奈噴出更多霧煙。

在這深宵像絲輕煙消失了在我枕邊，
在這深宵無夢再眠，不知道在那天，
不知道在那天，可再現眼前。"
180,KKBOX.com,1988/01/01,許冠傑 (Sam Hui),他的下半生 - Album Version,BTB - Sam & Friends,"作詞：陳少琪     作曲：泰迪羅賓

酒吧一角飲得昏醉 他的雙眼正下垂
抑鬱心裡他的子女 總不關心一句
每個晚上也都喝醉 緊握酒杯與失意暢聚
哭中感歎這生將要消失去

奔波匆匆一生裡 (遠去沒法追)
卻為著誰
過去的都失去 (滿眼淚水)
要抱怨著誰

手中相裡他跟子女 當天歡笑結伴隨
此刻只有這酒吧裡 他跟影子一對
過往努力半生過去 追憶當中也不免帶淚
酒吧關閉不可關上他心碎

奔波匆匆一生裡 (遠去沒法追)
卻為著誰
過去的都失去 (滿眼淚水)
要抱怨著誰"
181,KKBOX.com,1988/01/01,許冠傑 (Sam Hui),愉快皆因妳 - Album Version,BTB - Sam & Friends,"這首歌曲暫無歌詞，歡迎您投稿認養！
立即查看秘笈"
182,KKBOX.com,2013/01/01,張國榮 (Leslie Cheung),沉默是金,"Miss You Much, Leslie","作詞：許冠傑     作曲：張國榮

夜風凜凜獨回望舊事前塵 是以往的我充滿怒憤
誣告與指責積壓著滿肚氣不憤
對謠言反應甚為著緊
受了教訓 得了書經的指引
現已看得透 不再自困
但覺有分數 不再像以往那麼笨 抹淚痕輕快笑著行
冥冥中都早註定你富或貧
是錯永不對真永是真
任你怎說 安守我本分 始終相信沈默是金
是非有公理 慎言莫冒犯別人
遇上冷風雨休太認真 自信滿心裏
休理會諷刺與質問
笑罵由人 灑脫地做人

受了教訓 得了書經的指引
現已看得透 不再自困
但覺有分數 不再像以往那麼笨 抹淚痕輕快笑著行
冥冥中都早註定你富或貧
是錯永不對真永是真
任你怎說 安守我本分 始終相信沈默是金
是非有公理 慎言莫冒犯別人
遇上冷風雨休太認真 自信滿心裏
休理會諷刺與質問
笑罵由人 灑脫地做人
少年人 灑脫地做人
繼續行 灑脫地做人"
183,KKBOX.com,1988/01/01,許冠傑 (Sam Hui),不速之客 - Album Version,BTB - Sam & Friends,"作詞：陳少琪     作曲：許冠傑

曙光輕透遠方的時侯 沉默的我已深知道內咎
重踏此處我心多難受 再想得到你雙手
我願回頭

這小巷路燈滲著愁 像當天一切都破舊
這小巷熟識過路人 住滿在黑暗的背後
曾在那天 只想富裕擁有
棄你遠走不管你 極難受
曾在那天 不想再挽你手 沒有管誰願接受
重帶著行李默然看這簡破冷巷
一看你在這小屋裡疲倦眼光
而你極迷惘未明這不速客探訪
只顧帶淚門前共我在對望

跌倒失意我心多難受 如夢醒了已深知道內咎
祈望得到你體恤原諒 再可擁有你雙手
已是無求

這小巷路燈滲著愁 像當天一切都破舊
這小巷熟識過路人 住滿在黑暗的背後
曾在那天 只想富裕擁有
棄你遠走不管你 極難受
曾在那天 不想再挽你手 沒有管誰願接受
重帶著行李默然看這簡破冷巷
一看你在這小屋裡疲倦眼光
而你極迷惘未明這不速客探訪
只顧帶淚門前共我在對望

跌倒失意我心多難受 如夢醒了已深知道內咎
祈望得到你體恤原諒 再可擁有你雙手
曙光輕透遠方的時侯 沉默的我已深知道內咎
重踏此處我心多難受 再想得到你雙手
我願回頭"
184,KKBOX.com,1988/01/01,許冠傑 (Sam Hui),不要問 - Album Version,BTB - Sam & Friends,"作詞：林夕     作曲：單立文

我正在掛念別人 卻碰著妳在路旁正單身
以往定會甚動人 到這日卻又覺得真遺憾
妳我是往日熟人 愛過但卻未夠深
妳已另愛著別人 說會在某日結婚

不要問 分開了可有難過
不要問 可否替妳內心祝賀
不要問 可想到一切黎過
不要問 不可再錯

過去就算是動人 妳我又怎麼可對抗光陰
再次做過渡良朋 見見面慰問也不必遺憾
我也在愛著別人 妳快樂我便放心
妳我是世上俗人 愛與被愛便稱心

不要問 分開了可有難過
不要問 可否替妳內心祝賀
不要問 可想到一切黎過
不要問 不可再錯

天色已轉深 歧路在近 心中各有所尋
猶昨天一切如陌生的過路人
光陰太緊迫無謂浪費 請找要找的人
其實早知道曾熟悉的我再不吸引

過去就算是動人 妳我又怎麼可對抗光陰
再次做過渡良朋 見見面慰問也不必遺憾
我也在愛著別人 妳快樂我便放心
妳我是世上俗人 愛與被愛便稱心

不要問 分開了可有難過
不要問 可否替妳內心祝賀
不要問 可想到一切黎過
不要問 不可再錯

不要問 分開了可有難過
不要問 可否替妳內心祝賀
不要問 可想到一切黎過
不要問 不可再錯

不要問 分開了可有難過
不要問 可否替妳內心祝賀
不要問 可想到一切黎過
不要問 不可再錯"
185,KKBOX.com,2007/01/01,許冠傑 (Sam Hui),交織千個心 - Live,BTB-許冠傑十萬人大合唱演唱會-許冠傑 - 2 CD,"作詞：黃家強     作曲：黃家駒


交織千個心

冷 是這世間冰冷
沒有一絲關注 就讓日子飄去

看 受那痛苦逼壓
像被饑荒掩蓋 好景彷彿不再

放開心中思慮 共創美好不必恐懼
願永遠

戰 在這世界充滿
戰火摧毀一切 末日就似拉近

創 為了明天開創
忘掉幾許爭鬥 實現夢境所有

放開心中思慮 共創美好不必恐懼
願永遠



交織千個心 用愛驅走冰凍
歌聲空氣中 為世間多添個美夢

唱 為這世界歌唱
獻出一點關注 盡量令她溫暖

唱 共你挽手歌唱
獻出一點真摯 盡量令她可愛

放開心中思慮 共創美好不必恐懼
願永遠

唱 為這世界歌唱
獻出一點關注 盡量令她溫暖

唱 共你挽手歌唱
獻出一點真摯 盡量令她可愛

放開心中思慮 共創美好不必恐懼
願永遠

放開心中思慮 共創美好不必恐懼
願永遠

唱 為這世界歌唱
獻出一點關注 盡量令她溫暖

唱 共你挽手歌唱
獻出一點真摯 盡量令她可愛

唱 為這世界歌唱
獻出一點關注 盡量令她溫暖

唱 共你挽手歌唱
獻出一點真摯 盡量令她可愛

唱 為這世界歌唱
獻出一點關注 盡量令她溫暖

放開心中思慮 共創美好不必恐懼
願永遠"
186,KKBOX.com,2010/01/01,許冠傑 (Sam Hui),未肯放棄 - Album Version,BTB 89 歌集 許冠傑 - CD,"這首歌曲暫無歌詞，歡迎您投稿認養！
立即查看秘笈"
187,KKBOX.com,2010/01/01,許冠傑 (Sam Hui),哭泣風雨間 - Album Version,BTB 89 歌集 許冠傑 - CD,"那天風雨瀰漫
見你正瑟縮於街角呆站
我行前問可否共伴著傘
送你家裡返
我與你相識風雨間
與你一起不會平淡
細聽雨聲傾出滿懷浪漫
柔情無限時常共伴著傘
吃漢堡包晚餐
我與你相戀風雨間
以往快樂太短暫
你已別世上奔向那天國站
剩我獨個在悲歎
剩我獨個在苦盼
怎麼你忍心拋低我一去不返
這刻風雨瀰漫
我正隻影孤單街角呆站
愁懷無限尤其是在夜晚
冷雨粘濕透衫
我暗暗哭泣風雨間
柔情無限時常共伴著傘
吃漢堡包晚餐
我與你相戀風雨間
以往快樂太短暫
你已別世上奔向那天國站
剩我獨個在悲歎
剩我獨個在苦盼
怎麼你忍心拋低我一去不返
這刻風雨瀰漫
我正隻影孤單街角呆站
愁懷無限尤其是在夜晚
冷雨粘濕透衫
我暗暗哭泣風雨間
我暗暗哭泣風雨間
我暗暗哭泣..風雨間"
188,KKBOX.com,2010/01/01,許冠傑 (Sam Hui),阿郎戀曲(電影《阿郎的故事》歌曲) - 電影《阿郎的故事》歌曲,BTB 金裝精選-許冠傑 - CD,"作詞：許冠傑     作曲：羅大佑


水汪汪的黑眼睛笑態多親善
你面容上的改變腦裡未移遷
輕飄飄的舊時日悄悄地飛逝
數載如夢煙般消回首那堪計
風瀟瀟的漫長路你隻身飄零
仍在尋覓你蹤影杳杳像流星
黑漆漆的孤枕邊記你的溫柔
破曉乍醒多空虛難可再擁有
抬頭遙望天邊隱隱見那倦鳥返家
你可會像他不久便再歸家
但願重拾美麗往昔再見你一面
一生匆匆怎捨浮雲和藍天
淒清清的秋雨點再碰我窗前
你別離後的轉變我永是魂牽
孤單單的身影中那痛苦失落
永不咎往昔恩怨情於你心托

風瀟瀟的漫長路你隻身飄零
仍在尋覓你蹤影杳杳像流星
黑漆漆的孤枕邊記你的溫柔
破曉乍醒多空虛難可再擁有
抬頭遙望天邊隱隱見那倦鳥返家
你可會像他不久便再歸家
但願重拾美麗往昔再見你一面
一生匆匆怎捨浮雲和藍天
淒清清的秋雨點再碰我窗前
你別離後的轉變我永是魂牽
孤單單的身影中那痛苦失落
永不咎往昔恩怨情於你心托
永不咎往昔恩怨情於你心托"
189,KKBOX.com,2010/01/01,許冠傑 (Sam Hui),我有一個夢 - Album Version,BTB 89 歌集 許冠傑 - CD,"這首歌曲暫無歌詞，歡迎您投稿認養！
立即查看秘笈"
190,KKBOX.com,2019/08/15,"商台DJ, 許冠傑",我信韻律全能,我們的60年商業電台,"作詞：小美     作曲：許冠傑

編: 盧東尼
監: 楊喬興

這世上 像有許多人牆
既共行 也聽不到心裡想
我願能 隨著我心中感性
溶解於歌韻裡 來傾出親切感

早注定 共你小島浮沉
既共行 確信此刻是緣分
我撥琴 憑樂韻感動別人
情歌中哭與笑 人生曲解悶困

我信韻律全能 日漸把心拉近
創作好歌 給予知音
解開心中結 歌曲的吸引
心情頓倍感繽紛

我信韻律全能 實在天生福蔭
寫出好歌 讚頌人生
撩動你感覺 引發赤子之心
讓每個笑面漸移近

這世上 像有許多人牆
既共行 也聽不到心裡想
我願能 隨著我心中感性
溶解於歌韻裡 來傾出親切感

早注定 共你小島浮沉
既共行 確信此刻是緣分
我撥琴 憑樂韻感動別人
情歌中哭與笑 人生曲解悶困

我信韻律全能 日漸把心拉近
創作好歌 給予知音
解開心中結 歌曲的吸引
心情頓倍感繽紛

我信韻律全能 實在天生福蔭
寫出好歌 讚頌人生
撩動你感覺 引發赤子之心
讓每個笑面漸移近

我信韻律全能 日漸把心拉近
創作好歌 給予知音
解開心中結 歌曲的吸引
心情頓倍感繽紛

我信韻律全能 實在天生福蔭
寫出好歌 讚頌人生
撩動你感覺 引發赤子之心
讓每個笑面漸移近

撩動你感覺 引發赤子之心
讓每個笑面漸移近"
191,KKBOX.com,2010/01/01,許冠傑 (Sam Hui),重遇晚上 - Album Version,BTB 89 歌集 許冠傑 - CD,"這首歌曲暫無歌詞，歡迎您投稿認養！
立即查看秘笈"
192,KKBOX.com,2014/01/01,"張國榮, 許冠傑","我未驚過(電影""新最佳拍檔之兵馬俑風雲""歌曲) - 電影""新最佳拍檔之兵馬俑風雲""歌曲",電影歌曲101,"Currently there are no lyrics for this song. Be the first to submit the lyrics!
Check the tips now"
193,KKBOX.com,2010/01/01,許冠傑 (Sam Hui),仍是要走 - Album Version,BTB 89 歌集 許冠傑 - CD,"這首歌曲暫無歌詞，歡迎您投稿認養！
立即查看秘笈"
194,KKBOX.com,2010/01/01,許冠傑 (Sam Hui),甜蜜印象 - Album Version,BTB 89 歌集 許冠傑 - CD,"這首歌曲暫無歌詞，歡迎您投稿認養！
立即查看秘笈"
195,KKBOX.com,2010/01/01,許冠傑 (Sam Hui),成日記住笑 - Album Version,BTB 89 歌集 許冠傑 - CD,"這首歌曲暫無歌詞，歡迎您投稿認養！
立即查看秘笈"
196,KKBOX.com,2011/01/01,許冠傑 (Sam Hui),同舟共濟 - Album Version,許冠傑 音樂大全 101,"作詞：許冠傑     作曲：許冠傑


我與你同坐這條船 無情浪把它猛捲
滿天風雨 視野未能見
亂作一大團 不知怎算
既決意留在這條船 齊齊令它不遭破損
困境挑戰 奮勇地面對
令到這條船 永不翻轉

香港是我心 一顆不變心
實在極不願 移民外國做二等公民
必須抱著信心 把基礎打穩
盡力地做我本份 定能突破戰勝黑暗

破鏡明日定會重圓 時局定必得好轉
懷著希冀 再創造時勢
令到這條船 永久溫暖
香港是我心 一顆不變心
實在極不願 移民外國做二等公民
必須抱著信心 把基礎打穩
盡力地做我本份 定能突破戰勝黑暗

香港是我心 一顆不變心
實在極不願 移民外國做二等公民
必須抱著信心 把基礎打穩
盡力地做我本份 定能突破戰勝黑暗
香港是我家 怎捨得失去它
實在極不願 移民外國做遞菜斟茶
緊緊抱著結他 傾出這心裏話
但願藉著這番話 齊齊共你發洩一下
但願日後獅子山下 人人團結 永不分化"
197,KKBOX.com,1990/01/01,許冠傑 (Sam Hui),香港製造,香港情懷'90,"作詞：簡寧     作曲：Mamoru Taniguchi

嚮西貢燒烤玩海鮮好戔 租番隻舢版一釣幾斤沙
山頂散步風景靚 跟你整個豐富晚餐
嚮北角祇需幾秒到筲箕灣 飛車去天空海闊嘅淺水灣
高速馬路區區到 所有好香港製造

澳洲 四處野草鬼佬粗魯週身鬈毛
美加買野咁鬼遠路途 最怕去到無工做

香港好 東方之珠世上無 香港好 你我都也覺自豪
香港好 到處建設有前途 雨打風吹未卻步 共創造美好

江九記燒鵝好正啫啫雞煲 果邊有高級酒店靚房出租
鬼佬佢話 Shopping 正 揀個好靚中國瓦煲
響呢樹乜鬼都有 最興睇 Show Call 幾個知心好友打番幾舖
卡拉 OK 內乜都唱 拖呀 Ann 去尖東再蒲

澳洲 四處野草鬼佬粗魯週身鬈毛
美加買野咁鬼遠路途 最怕去到無工做

香港好 東方之珠世上無 香港好 你我都也覺自豪
香港好 到處建設有前途 雨打風吹未卻步 共創造美好

香港好 東方之珠世上無 香港好 你我都也覺自豪
香港好 到處建設有前途 雨打風吹未卻步 共創造美好"
198,KKBOX.com,2003/01/01,許冠傑 (Sam Hui),青年人 - Live,許冠傑經典演唱會全集,"這首歌曲暫無歌詞，歡迎您投稿認養！
立即查看秘笈"
199,Not Found,2003/01/01,許冠傑 (Sam Hui),千載願望,許冠傑經典演唱會全集,Not Found
200,KKBOX.com,2010/01/01,許冠傑 (Sam Hui),亦算是緣份 - 電影「紅場飛龍」插曲,20週年-許冠傑 90'電影金曲精選 - 20 Anniversary,"這首歌曲暫無歌詞，歡迎您投稿認養！
立即查看秘笈"
201,KKBOX.com,2010/01/01,許冠傑 (Sam Hui),"做個自由人(電影""紅場飛龍""歌曲) - 電影「紅場飛龍」主題曲",20週年-許冠傑 90'電影金曲精選 - 20 Anniversary,"作詞：許冠傑     作曲：許冠傑


命運，像佈下迷陣
我巳覺被苦困
彷彿蒼天專作弄人。
不甘短促一生
滿是壓抑悲憤
籠牢期望獲破開
不再被禁！

浩氣在沸騰
熱血在沸騰
我誓要衝出黑暗
跟專制鬥爭！

願竭盡我能
用正義抗衡
憑著滿身衝勁
誓要奔向夢想那綠茵
自由人，做個自由人！

艱辛，我願承受
那怕血汗濕透
人人應該享有自由。
現在是發動時候
我願獻出所有
人權如望獲到手
必須繼續鬥！

浩氣在沸騰
熱血在沸騰
我誓要衝出黑暗
跟專制鬥爭！

願竭盡我能
用正義抗衡
憑著滿身衝勁
誓要奔向夢想那綠茵
自由人！

浩氣在沸騰
熱血在沸騰
我誓要衝出黑暗
跟專制鬥爭！

願竭盡我能
用正義抗衡
憑著滿身衝勁
誓要奔向夢想那綠茵
自由人，做個自由人！
自由人，做個自由人！做個自由人！"
202,KKBOX.com,1997/01/01,許冠傑 (Sam Hui),急流勇退 - Album Version,寶麗金88極品音色系列-許冠傑,"作詞：許冠傑     作曲：許冠傑


名成利就人人想擁有
誰料此刻只嚮往自由
留住這光輝 今天不再等候
奮勇地退出這急流
求名逐利時常多爭鬥
嘗盡圈中的歡笑淚流
人在那高峰 始終都不免跌後
長日擔憂心神倦透
不奢望天長地久
只要是曾經擁有
今天內心感足夠
應走時候決定放手
至愛知音感謝你恩深厚
臨別依依不忍再望轉頭
期望你記住我 今晚分手以後
從舊歌中心靈互扣

求名逐利時常多爭鬥
嘗盡圈中的歡笑淚流
人在那高峰 始終都不免跌後
長日擔憂心神倦透
不奢望天長地久
只要是曾經擁有
今天內心感足夠
應走時候決定放手
至愛知音感謝你恩深厚
臨別依依不忍再望轉頭
期望你記住我 今晚分手以後
從舊歌中心靈互扣
期望你記住我 今晚分手以後
從舊歌中心靈互扣"
203,Not Found,1997/01/01,許冠傑 (Sam Hui),永久的癡情,寶麗金88極品音色系列-許冠傑,Not Found
204,Not Found,1997/01/01,許冠傑 (Sam Hui),發開口夢,寶麗金88極品音色系列-許冠傑,Not Found
205,Not Found,1997/01/01,許冠傑 (Sam Hui),你如果離開我,寶麗金88極品音色系列-許冠傑,Not Found
206,KKBOX.com,2010/01/01,許冠傑 (Sam Hui),"話你知'97 - 電影""新半斤八兩""歌曲",20週年-許冠傑 90'電影金曲精選 - 20 Anniversary,"作詞：許冠傑     作曲：許冠傑

我話知你９７
其實駛乜驚到求神又拜佛〔大喊十〕
已經胃酸過多夾風濕〔重有久咳〕
成日閉翳實聽喫弗得〔重快執笠〕

未有耐到９７
手拿起枝筆數o下二千零廿八日〔駛乜急〕
已經預o左冇法走得甩〔又冇SHORT CUT〕
移民外國亦係聽糟質

咪匿o向屋企 速速CALL機
CALL班知己 睇番齣無厘頭攪笑戲
卡拉ＯＫ 堆樽拔蘭地 HIGH HIGH o地
高聲亂唱再去旺角打機

買份八卦雜誌睇o下大姐媚
及o下邊個整容後揚威選美
明日懶鬼理 最緊要依家HAPPY
話知佢死

我話知你９７
其實香港適應力強未嚇窒〔好鍊得〕
斷估或者到o左９７〔又變o左乜〕
繁榮盛世度度有金執

未有耐到９７
手拿起枝筆數o下二千零廿八日〔駛乜急〕
已經預o左冇法走得甩〔又冇SHORT CUT〕
移民外國亦係聽糟質

咪匿o向屋企 速速CALL機
CALL班知己 睇番齣無厘頭攪笑戲
卡拉ＯＫ 堆樽拔蘭地 HIGH HIGH o地
高聲亂唱再去旺角打機

買份八卦雜誌睇o下大姐媚
及o下邊個整容後揚威選美
明日懶鬼理 最緊要依家HAPPY
話知佢死

我話知你９７
其實香港適應力強未嚇窒〔好鍊得〕
斷估或者到o左９７〔又變o左乜〕
繁榮盛世度度有金執

斷估或者到o左９７〔實刮多筆〕
人人暴發 MY FRIEND GOOD LUCK
〔GOOD LUCK, GOOD LUCK, GOD BLESS 1997 阿彌佗佛〕"
207,KKBOX.com,2010/01/01,許冠傑 (Sam Hui),兩個寂寞人 - Album Version,20週年-許冠傑 90'電影金曲精選 - 20 Anniversary,"作詞：許冠傑     作曲：許冠傑

從前是一個我 落拓消極人
迷途在黑暗裡 始終都孤影隻身
同樣地一個你 共我人海裡互引
涼冰冰的世界 如今皆因我倆
變得暖熏熏

今晚這個世界
已經減少兩個寂寞人 啊
與你共抹失意淚痕
倍覺舊創傷全沒要緊

今晚這個世界
已經減少兩個寂寞人 啊
與你讓晚風襟裡慘
浪漫情詩首首押著韻
齊共醉夜雨中 挽手飛奔
癡癡抱緊

從前未找到你 日子多灰暗
柔情目光照亮我 此刻感光輝遍心
唯求共處永遠 共你情心永互印
童話般境界裡 留低歡欣腳印
每天也繽紛

今晚這個世界
已經減少兩個寂寞人 啊
與你共抹失意淚痕
倍覺舊創傷全沒要緊

今晚這個世界
已經減少兩個寂寞人 啊
與你讓晚風襟裡慘
浪漫情詩首首押著韻
齊共醉夜雨中 挽手飛奔
癡癡抱緊

今晚這個世界
已經減少兩個寂寞人 啊
與你共抹失意淚痕
倍覺舊創傷全沒要緊

今晚這個世界
已經減少兩個寂寞人 啊
與你讓晚風襟裡慘
浪漫情詩首首押著韻
齊共醉夜雨中 挽手飛奔
癡癡抱緊"
208,KKBOX.com,2010/01/01,許冠傑 (Sam Hui),宇宙無限(電影《衛斯理傳》歌曲) - 電影《衛斯理傳奇》主題曲,20週年-許冠傑 90'電影金曲精選 - 20 Anniversary,"作詞：林振強     作曲：Donald Ashley

星空可有一對手
承擔起這沒邊緣宇宙和運轉地球
空中可有雙眼睛
由開始已在星河背後遙望這地球
誰掌管世間目前以後

當仰觀星星掛於天的腳踭
頓然自覺像塵末那樣的有限
我敬畏 實在是誰創造無限
那遠處 像是內藏制度和變幻

天空可有天殘舊
無聲的跌墜星河背後
人類與地球能否相見於萬年以後

當仰觀星星掛於天的腳踭
頓然自覺像塵末那樣的有限
海與山謙卑靠於風的臂彎
問誰令宇宙無限 宇宙無限

人在世有太多私心與紛爭
似不知一切輕重如毛造的針
瑣碎像塵

當仰觀星星掛於天的腳踭
頓然自覺像塵末那樣的有限
海與山謙卑靠於風的臂彎
問誰令宇宙無限 宇宙無限

人在世有太多私心與紛爭
似不知一切輕重如毛造的針
瑣碎像塵

我放眼 望著面前宇宙無限
我讚嘆 默默問誰創造無限

我放眼 望著面前宇宙無限
我讚嘆 默默問誰創造無限

我放眼 望著面前宇宙無限
我讚嘆 默默問誰創造無限"
209,KKBOX.com,2010/01/01,許冠傑 (Sam Hui),最緊要好玩 - Album Version,20週年-許冠傑 90'電影金曲精選 - 20 Anniversary,"作詞：林振強     作曲：許冠傑

人其實天生奔放貪玩
原沒有拘束只有笑顏
悲觀我唔慣 追趕太陽似子彈

乘坐穿梭機打個空翻
雲霧裡縛起雙腳跳欄
威風似神探 追蹤愛神眼不眨

我想攀登火山 執塊石頭用黎煎蛋
其實開心好簡單 最緊要好玩

我願抬著午夜明月對你單眼
星光之上扯起帳幕與你浪漫
我願停頓宇宙凝望你那雙眼
使你無從忘掉這魅力先生

乘坐穿梭機打個空翻
雲霧裡縛起雙腳跳欄
追蹤太陽去 不准太陽早交更

人其實天生奔放貪玩
原沒有拘束只有笑顏
悲觀我唔慣 追趕太陽似子彈

我想踩三輪車 登陸月球賣牛腩飯
其實開心好簡單 最緊要好玩

我願抬著午夜明月對你單眼
星光之上扯起帳幕與你浪漫
我願停頓宇宙凝望你那雙眼
使你無從忘掉這魅力先生

其實我天生奔放貪玩
唔恨有獎品只要笑顏
不須有人讚 只須我仍覺好玩
不須有人讚 只須我仍覺好玩"
210,KKBOX.com,2013/01/01,許冠傑 (Sam Hui),"半斤八兩(電影""半斤八兩""歌曲) - 電影""半斤八兩""歌曲",Mr. BOO! The Contract賣身契,"Currently there are no lyrics for this song. Be the first to submit the lyrics!
Check the tips now"
211,KKBOX.com,2013/01/01,許冠傑 (Sam Hui),天才白痴夢,賣身契電影主題曲,"作詞：許冠傑/薛志雄     作曲：許冠傑


人皆尋夢 夢裡不分西東
片刻春風得意 未知景物矇矓

人生如夢 夢裡輾轉吉凶
尋樂不堪苦困 未識苦與樂同

天造之才 皆有其用
振翅高飛 無須在夢中

南柯長夢 夢裡不知所中
醉翁他朝醒覺 是否跨鳳成龍


天造之才 皆有其用
振翅高飛 無須在夢中

何必尋夢 夢裡甘苦皆空
勸君珍惜此際 自當欣慰無窮
何必尋夢"
212,KKBOX.com,2011/01/01,許冠傑 (Sam Hui),滄海一聲笑 - Album Version,許冠傑 音樂大全 101,"作詞：黃霑     作曲：黃霑

滄海一聲笑 滔滔兩岸潮
浮沉隨浪 只記今朝

蒼天笑 紛紛世上潮
誰負誰勝出 天知曉

江山笑 煙雨遙
濤浪淘盡紅塵俗世幾多嬌

清風笑 竟惹寂寥
豪情還剩了一襟晚照

蒼生笑 不再寂寥
豪情仍在痴痴笑笑

啦... 啦...
啦... 啦...
啦... 啦...
啦...

啦... 啦...
啦... 啦...
啦... 啦...
啦...

啦... 啦...
啦... 啦...
啦... 啦...
啦...

啦... 啦...
啦... 啦...
啦... 啦...
啦..."
213,KKBOX.com,2010/01/01,許冠傑 (Sam Hui),"做個自由人(電影""紅場飛龍""歌曲) - 電影「紅場飛龍」主題曲",20週年-許冠傑 90'電影金曲精選 - 20 Anniversary,"作詞：許冠傑     作曲：許冠傑


命運，像佈下迷陣
我巳覺被苦困
彷彿蒼天專作弄人。
不甘短促一生
滿是壓抑悲憤
籠牢期望獲破開
不再被禁！

浩氣在沸騰
熱血在沸騰
我誓要衝出黑暗
跟專制鬥爭！

願竭盡我能
用正義抗衡
憑著滿身衝勁
誓要奔向夢想那綠茵
自由人，做個自由人！

艱辛，我願承受
那怕血汗濕透
人人應該享有自由。
現在是發動時候
我願獻出所有
人權如望獲到手
必須繼續鬥！

浩氣在沸騰
熱血在沸騰
我誓要衝出黑暗
跟專制鬥爭！

願竭盡我能
用正義抗衡
憑著滿身衝勁
誓要奔向夢想那綠茵
自由人！

浩氣在沸騰
熱血在沸騰
我誓要衝出黑暗
跟專制鬥爭！

願竭盡我能
用正義抗衡
憑著滿身衝勁
誓要奔向夢想那綠茵
自由人，做個自由人！
自由人，做個自由人！做個自由人！"
214,KKBOX.com,2010/01/01,許冠傑 (Sam Hui),亦算是緣份 - 電影「紅場飛龍」插曲,20週年-許冠傑 90'電影金曲精選 - 20 Anniversary,"這首歌曲暫無歌詞，歡迎您投稿認養！
立即查看秘笈"
215,KKBOX.com,2006/01/01,許冠傑 (Sam Hui),心思思 - Album Version,Sam Hui - Re-issue,"作詞：林振強     作曲：Terry Britten/Lynsey De Paul

心思思
編曲：渡邊茂樹


她使我心裡沒法靜止
難專心一意地去辦事
開始不知怎去楂筷子
無力再控制我四肢

真想與她抱著過日子
而不想早晚獨對電視
可惜她不知我的構思
從沒有注意這漢子

〔長期在心思思〕永遠單思
〔心思思〕晚晚咬手指
〔心思思〕冇晒FACE
〔心思思〕她始終不知


她使我消瘦漸變樹枝
和憂鬱得似玉置浩二
真想登篇廣告於報紙
詳述四百次我意思

〔長期在心思思〕永遠單思
〔心思思〕愛到線都癡
〔心思思〕猛咬草紙
〔心思思〕她始終不知


〔我開始〕尋找中醫與西醫 〔WHY〕願醫好我痴
〔中西醫〕東指指西指指 都醫不好我的痴
今晚只有一再

〔心思思〕永遠單思
〔心思思〕晚晚咬手指
〔心思思〕冇晒FACE
〔心思思〕她始終不知

〔長期在心思思〕永遠單思
〔心思思〕愛到線都癡
〔心思思〕猛咬草紙
〔心思思〕她始終不知

〔長期在心思思〕永遠單思
〔心思思〕晚晚咬手指
〔心思思〕冇晒FACE
〔心思思〕她始終不知

〔長期在心思思〕...."
216,KKBOX.com,2007/01/01,許冠傑 (Sam Hui),浪子心聲 - Live,BTB-許冠傑十萬人大合唱演唱會-許冠傑 - 2 CD,"作詞：許冠傑/黎彼得     作曲：許冠傑　編：鮑比達


浪子心聲

難分真與假 人面多險詐
幾許有共享榮華 簷畔水滴不分差

無知井裡蛙 徙望添聲價
空得意目光如麻 誰料金屋變敗瓦

命裡有時終須有 命裡無時莫強求

雷聲風雨打 何用多驚怕
心公正白壁無瑕 行善積德最樂也

命裡有時終須有 命裡無時莫強求

人比海裡沙 毋用多牽掛
君可見漫天落霞 名利息間似霧化
君可見漫天落霞 名利息間似霧化"
217,KKBOX.com,2013/01/01,許冠傑 (Sam Hui),天才白痴往日情,金唱片精選,"作詞：許冠傑/薛志雄     作曲：許冠傑


痛別離 惜分飛 緣份一朝忍心拋棄
往日情未泯 泣咽悽聲怨蒼天太狠

鳥倦還 影孤單 無奈美夢頃刻吹散
往日情未泯 泣咽悽聲怨蒼天太狠

暴雨中 相親相與共 夢已空 太匆匆
淚暗湧 偷偷心底送 遍地紅葉怨秋風

再會難 呼不返 寒夜對月幾番嗟歎
往日情未泯 泣咽悽聲怨蒼天太狠


暴雨中 相親相與共 夢已空 太匆匆
淚暗湧 偷偷心底送 遍地紅葉怨秋風

再會難 呼不返 寒夜對月幾番嗟歎
往日情未泯 泣咽悽聲怨蒼天太狠"
218,Not Found,2013/01/01,許冠傑 (Sam Hui),繼續微笑,金唱片精選,Not Found
219,KKBOX.com,1996/01/01,許冠傑 (Sam Hui),為你,情歌篇,"這首歌曲暫無歌詞，歡迎您投稿認養！
立即查看秘笈"
220,Not Found,1996/01/01,許冠傑 (Sam Hui),誰在你心裡,情歌篇,Not Found
221,KKBOX.com,2003/01/01,許冠傑 (Sam Hui),洋紫荊 - Live,許冠傑經典演唱會全集,"霓虹燈光 購物天堂 自由都市 百業繁旺
捕魚小島 遍歷風浪 在地球一小角 卻負名望
在東方 有粒珍珠閃閃發光
外地人都嚮往要看看 這獨特社會香港
在香港 你我的家鄉香港
艷麗洋紫荊到處盛放 滿眼盡是 好風光
為未來香港 抱著希望 共謀方法 使它永安
路仍康莊 那用驚惶 望齊心一致 再破萬重浪
在東方 有粒珍珠閃閃發光
為未來香港再努力幹 不斷地發展使它更光
互相幫 困境風波一起去擋
讓洋紫荊永遠盛放 永遠是原狀 香港
在東方 有粒珍珠閃閃發光
為未來香港再努力幹
不斷地發展使它更光(使它更光)
互相幫 困境風波一起去擋
讓洋紫荊永遠盛放 永遠是原狀 香港
願明天香港 也是天堂
定能看得見 一點曙光"
222,Not Found,2003/01/01,許冠傑 (Sam Hui),活在今天,許冠傑經典演唱會全集,Not Found
223,Not Found,2003/01/01,許冠傑 (Sam Hui),父親的鋼琴,許冠傑經典演唱會全集,Not Found
224,KKBOX.com,2003/01/01,許冠傑 (Sam Hui),最喜歡你 - Live,許冠傑經典演唱會全集,"這首歌曲暫無歌詞，歡迎您投稿認養！
立即查看秘笈"
225,Not Found,2003/01/01,許冠傑 (Sam Hui),偷心的人,許冠傑經典演唱會全集,Not Found
226,KKBOX.com,2003/01/01,許冠傑 (Sam Hui),Medley : 風中趕路人/ 無情夜冷風 - Live,許冠傑經典演唱會全集,"這首歌曲暫無歌詞，歡迎您投稿認養！
立即查看秘笈"
227,KKBOX.com,1988/01/01,許冠傑 (Sam Hui),神秘女子 - Album Version,BTB - Sam & Friends,"作詞：潘源良     作曲：周啟生


忽然在近忽然在遠，像片輕煙，
忽然極冷忽然極暖，時常蛻變。
問你你是誰，在空虛心窩中笑著吸煙，
用你的沈默惹起了烈焰，用嘆息無奈噴出更多霧煙。

在這深宵像絲輕煙消失了在我枕邊，
在這深宵無夢再眠，不知道在那天，
不知道在那天，可再現眼前。

忽然在近忽然在遠，像片輕煙，
忽然極冷忽然極暖，時常蛻變。
問你你是誰，在空虛心窩中笑著吸煙，
用你的沈默惹起了烈焰，用嘆息無奈噴出更多霧煙。

在這深宵像絲輕煙消失了在我枕邊，
在這深宵無夢再眠，不知道在那天，
不知道在那天，可再現眼前。"
228,Not Found,1988/01/01,許冠傑 (Sam Hui),時光倒流,BTB - Sam & Friends,Not Found
229,KKBOX.com,1982/01/01,許冠傑 (Sam Hui),難忘您 - Album Version,難忘您．紙船 - DCS,"作詞：許冠傑     作曲：許冠傑

難忘您
作詞：許冠傑 作曲：許冠傑

當天分手 是我怪錯了您
一聲 Goodbye 然後各也不理
離別後才知道
無論我怎樣
也難忘您

難忘您的姿態動靜
略帶憂鬱的一雙眼睛
難忘記您的淺笑
像春天 像陽光照
和那離別 匆匆的背影 呀…

每天把臂漫步
夜看星星一粒粒去數
難忘記您的擁抱
在雨中狂然起舞
和您常伴我心曲細訴

難忘您對我那種體貼入微
時時刻刻腦海中都僅記
愈想忘掉您
愈難忘掉您
我悔恨 我悔恨 我悔恨 把您欺

(難忘您的姿態動靜 略帶憂鬱的一雙眼睛)

難忘記您的淺笑
像春天 像陽光照
和那離別 匆匆的背影 呀…

(每天把臂漫步)
(夜看星星一粒粒去數)

難忘記您的擁抱
在雨中狂然起舞
和您常伴我心曲細訴

難忘您對我 那種體貼入微
時時刻刻 腦海中都僅記
愈想忘掉您
愈難忘掉您
我悔恨 我悔恨 我悔恨 把您欺

為何每天感到乏味
為何夜裡輾轉傷悲
曾話過再也不想您
但到今天 仍忘不了您
其實我 還是深深愛著您

曾話過再也不想您
但到今天仍忘不了您
其實我 還是深深愛著您"
230,Not Found,1982/01/01,許冠傑 (Sam Hui),這雙手,難忘您．紙船 - DCS,Not Found
231,Not Found,1982/01/01,許冠傑 (Sam Hui),藍牛仔褲,難忘您．紙船 - DCS,Not Found
232,Not Found,1982/01/01,許冠傑 (Sam Hui),新的開始,難忘您．紙船 - DCS,Not Found
233,Not Found,1982/01/01,許冠傑 (Sam Hui),木屋區,難忘您．紙船 - DCS,Not Found
234,Not Found,1982/01/01,許冠傑 (Sam Hui),人生多麼好,難忘您．紙船 - DCS,Not Found
235,Not Found,1982/01/01,許冠傑 (Sam Hui),藍天消失了,難忘您．紙船 - DCS,Not Found
236,KKBOX.com,1997/01/01,許冠傑 (Sam Hui),斷腸夢 - Album Version,寶麗金88極品音色系列-許冠傑,"作詞：許冠傑／黎彼得     作曲：許冠傑

斷腸夢


心驚恐，燭影動，午夜殘月碎春夢，
枕邊空，更深露重，問誰共。

秋波湧，憶花容，翠袖搖曳暗低弄，
酒千盅，空添苦痛，斷腸夢。

故夢去匆匆，塞雁隔西東，
情恨種朝思晚盼，一封音訊通。

悲丹楓，惜飄蓬，遠望前路各珍重，
哀苦衷，鐘聲飄送，斷腸夢。


故夢去匆匆，塞雁隔西東，
情恨種朝思晚盼，一封音訊通。

悲丹楓，惜飄蓬，遠望前路各珍重，
哀苦衷，鐘聲飄送，斷腸夢。
斷腸夢。"
237,Not Found,1997/01/01,許冠傑 (Sam Hui),白雲說,寶麗金88極品音色系列-許冠傑,Not Found
238,Not Found,1997/01/01,許冠傑 (Sam Hui),好鬼冧你,寶麗金88極品音色系列-許冠傑,Not Found
239,Not Found,1997/01/01,許冠傑 (Sam Hui),薔薇,寶麗金88極品音色系列-許冠傑,Not Found
240,Not Found,1997/01/01,許冠傑 (Sam Hui),心境改變環境,寶麗金88極品音色系列-許冠傑,Not Found
241,Not Found,1997/01/01,許冠傑 (Sam Hui),瞬間永恆,寶麗金88極品音色系列-許冠傑,Not Found
242,Not Found,1997/01/01,許冠傑 (Sam Hui),風裡微塵,寶麗金88極品音色系列-許冠傑,Not Found
243,Not Found,1997/01/01,許冠傑 (Sam Hui),親手寫我夢,寶麗金88極品音色系列-許冠傑,Not Found
244,Not Found,1997/01/01,許冠傑 (Sam Hui),情懷森曲,寶麗金88極品音色系列-許冠傑,Not Found
245,KKBOX.com,2002/01/01,許冠傑 (Sam Hui),雙星情歌 - 電影「鬼馬雙星」插曲,真經典 - 許冠傑,"作詞：許冠傑     作曲：許冠傑

前奏
曳搖共對輕舟飄
互傳誓約慶春曉
兩心相邀影相照
願化海鷗輕唱悅情調

艷陽下與妹相親
望諧白首永不分
美景醉人心相允
綠柳花間相對訂緣份

心兩牽
萬里阻隔相思愛莫變
離別悽酸今朝似未見
明日對花憶卿面

淚殘夢了燭影深
月明獨照冷鴛枕
醉擁孤衾悲不禁
夜半飲泣空帳獨懷憾
間奏
心兩牽
萬里阻隔相思愛莫變
離別悽酸今朝似未見
明日對花憶卿面

淚殘夢了燭影深
月明獨照冷鴛枕
醉擁孤衾悲不禁
夜半飲泣空帳獨懷憾
夜半飲泣空帳獨懷憾"
246,KKBOX.com,2002/01/01,許冠傑 (Sam Hui),鬼馬雙星(電影《鬼馬雙星》歌曲) - 電影《鬼馬雙星》歌曲,真經典 - 許冠傑,"作詞：許冠傑     作曲：許冠傑

鬼馬雙星


為兩餐乜都肯制前世
撞正輸晒心翳滯無謂
求望發達一味靠搵丁
鬼馬雙星綽頭勁

亂搏懵撈偏門確唔曳
做慣監躉經已係成例
求望發達一味靠搵丁
鬼馬雙星眼晾晾

人生如賭博 贏輸都冇時定
贏左得餐笑 輸光唔駛興

做老千梗好搵過皇帝
扮蟹賴野真正係滑稽
求望發達一味靠搵丁
鬼馬雙星怕現形


求望發達一味靠搵丁
鬼馬雙星眼晾晾

人生如賭博 贏輸都冇時定
贏左得餐笑 輸光唔駛興

做老千梗好搵過皇帝
扮蟹賴野真正係滑稽
求望發達一味靠搵丁
鬼馬雙星 鬼馬雙星 鬼馬雙星
(唔 真係有型)"
247,KKBOX.com,1998/10/01,許冠傑 (Sam Hui),天才白痴錢錢錢,打工仔心聲98,"作詞：許冠傑, 薛志雄     作曲：許冠傑

(錢錢錢錢 錢錢錢錢)
(錢錢錢錢 錢錢錢錢)
(錢錢錢錢 錢錢錢錢)
(錢錢錢錢 錢錢錢錢)

成日要錢多 (錢錢錢錢 錢錢錢錢)
幹水乜都渦 (錢錢錢錢 錢錢錢錢)
借錢最折墮 (錢錢錢錢 錢錢錢錢)
爬低o危契哥 (錢錢錢錢 錢錢錢錢)

貧賤拗頸多 (NO MONEY NO TALK NO MONEY NO TALK)
生仔都諗過 (NO MONEY NO TALK NO MONEY NO TALK)
阿女嗌肚餓 (NO MONEY NO TALK NO MONEY NO TALK)
屋租都要拖 (NO MONEY NO TALK NO MONEY NO TALK)

有乜會令你心花怒放 (錢)
諗得多卒之梗癲癲喪喪 (錢)
有o左佢就算打跛雙腳都冇相干
冇得擋 冇得擋

成日要錢多 (錢錢錢錢 錢錢錢錢)
幹水乜都渦 (錢錢錢錢 錢錢錢錢)
借錢最折墮 (錢錢錢錢 錢錢錢錢)
爬低危契哥 (錢錢錢錢 錢錢錢錢)

貧賤拗頸多 (NO MONEY NO TALK NO MONEY NO TALK)
生仔都諗過 (NO MONEY NO TALK NO MONEY NO TALK)
阿女嗌肚餓 (NO MONEY NO TALK NO MONEY NO TALK)
屋租都要拖 (NO MONEY NO TALK NO MONEY NO TALK)

有錢確係會少咁Ｄ罪案 (錢)
駛乜衰到通街偷搶騙當 (錢)
冇o左佢就算包公都由你嗌冤枉
懶得講 懶得講

成日要錢多 (錢錢錢錢 錢錢錢錢)
幹水乜都渦 (錢錢錢錢 錢錢錢錢)
借錢最折墮 (錢錢錢錢 錢錢錢錢)
爬低危契哥 (錢錢錢錢 錢錢錢錢)

貧賤拗頸多 (NO MONEY NO TALK NO MONEY NO TALK)
生仔都諗過 (NO MONEY NO TALK NO MONEY NO TALK)
阿女嗌肚餓 (NO MONEY NO TALK NO MONEY NO TALK)
屋租都要拖 (NO MONEY NO TALK NO MONEY NO TALK)"
248,KKBOX.com,2013/01/01,許冠傑 (Sam Hui),天才白痴夢,賣身契電影主題曲,"作詞：許冠傑/薛志雄     作曲：許冠傑


人皆尋夢 夢裡不分西東
片刻春風得意 未知景物矇矓

人生如夢 夢裡輾轉吉凶
尋樂不堪苦困 未識苦與樂同

天造之才 皆有其用
振翅高飛 無須在夢中

南柯長夢 夢裡不知所中
醉翁他朝醒覺 是否跨鳳成龍


天造之才 皆有其用
振翅高飛 無須在夢中

何必尋夢 夢裡甘苦皆空
勸君珍惜此際 自當欣慰無窮
何必尋夢"
249,KKBOX.com,2011/01/01,許冠傑 (Sam Hui),天才與白痴 - Album Version,許冠傑 音樂大全 101,"作詞：許冠傑/薛志雄     作曲：許冠傑


呢個世界上 有精仔 有懵仔 有叻仔 散仔 賭仔 重有戇居仔
有衰仔 有好仔 反骨仔 癲仔 蠢仔重弊過敗家仔
細蚊仔 臭飛仔 招卿仔 靚仔 打仔亂咁出刀仔 問你點敢亂生仔
邊個係天才（天才） 邊個係白痴（白痴）
扮懵定蠢才 冇咁易會知（阿茂至知）
天才與白痴 你黐定我黐 天才與白痴 冇咁易會知 天才與白痴

呢個世界上 有冤鬼 有嘩鬼 有奸鬼 賭鬼 盞鬼 重有咸濕鬼
有衰鬼 有煙鬼 攝青鬼 生鬼 撞鬼撞著個冒失鬼
醉酒鬼 吊靴鬼 醜死鬼 假鬼 真鬼 亂咁鬼打鬼 問你究竟攪乜鬼
乜鬼係天才（天才） 乜鬼係白痴（白痴） 扮懵定蠢才 冇咁易會知(阿茂至知）
天才與白痴 你黐定我黐 天才與白痴 冇咁易會知 天才與白痴

呢個世界上 有堅野 有流野 有精野 喎野 喳野 重有大鑊野
有衰野 有好野 有筍野 貴野 賤野 最划忌就賴野
醒胃野 林嬸野 正斗野 靚野 杰野 最爽就撈粗野 確係認真唔少野
乜野係天才（天才） 乜野係白痴（白痴） 扮懵定蠢才 冇咁易會知(阿茂至知）
天才與白痴 你黐定我黐 天才與白痴 冇咁易會知
天才與白痴 天才與白痴 天才與白痴"
250,KKBOX.com,2013/01/01,許冠傑 (Sam Hui),天才白痴往日情,金唱片精選,"作詞：許冠傑/薛志雄     作曲：許冠傑


痛別離 惜分飛 緣份一朝忍心拋棄
往日情未泯 泣咽悽聲怨蒼天太狠

鳥倦還 影孤單 無奈美夢頃刻吹散
往日情未泯 泣咽悽聲怨蒼天太狠

暴雨中 相親相與共 夢已空 太匆匆
淚暗湧 偷偷心底送 遍地紅葉怨秋風

再會難 呼不返 寒夜對月幾番嗟歎
往日情未泯 泣咽悽聲怨蒼天太狠


暴雨中 相親相與共 夢已空 太匆匆
淚暗湧 偷偷心底送 遍地紅葉怨秋風

再會難 呼不返 寒夜對月幾番嗟歎
往日情未泯 泣咽悽聲怨蒼天太狠"
251,KKBOX.com,2002/01/01,許冠傑 (Sam Hui),"半斤八兩(電影""半斤八兩""歌曲) - 電影""半斤八兩""歌曲",真經典 - 許冠傑,"作詞：許冠傑     作曲：許冠傑

半斤八兩

o(⊙﹏⊙)o
o(≧﹏≦)o
我地呢班打工仔
通街走羅直頭系壞腸胃
搵個些少到月底點夠駛(歪過鬼)確係認真濕滯

醉弊波士郁嘀發威(顛過雞)
一味系處系唔系亂黎吠
翳親加薪塊面拿起惡睇(扭嚇計)你就認真開胃

(半斤八兩)做了只績甘既樣
(半斤八兩)濕水炮仗點會響
(半斤八兩)夠疆呀楂槍走去搶

出左半斤力 想話羅番足八兩
家陣惡搵食 邊有半斤八兩甘理想(吹漲)

我地呢班打工仔
一生一世為錢幣做奴隸
個種辛苦折墮講出嚇鬼(死俾你睇)咪話無乜所謂
o(⊙﹏⊙)o
o(≧﹏≦)o
(半斤八兩)就算有福都無你享
(半斤八兩)重慘過滾水淥豬腸
(半斤八兩)雞碎甘多都要啄

出左半斤力 想話羅番足八兩
家陣惡搵食 邊有半斤八兩甘理想(吹漲)

我地呢班打工仔
一生一世為錢幣做奴隸
個種辛苦折墮講出嚇鬼(死俾你睇)咪話無乜所謂"
252,KKBOX.com,2007/01/01,許冠傑 (Sam Hui),浪子心聲 - Live,BTB-許冠傑十萬人大合唱演唱會-許冠傑 - 2 CD,"作詞：許冠傑/黎彼得     作曲：許冠傑　編：鮑比達


浪子心聲

難分真與假 人面多險詐
幾許有共享榮華 簷畔水滴不分差

無知井裡蛙 徙望添聲價
空得意目光如麻 誰料金屋變敗瓦

命裡有時終須有 命裡無時莫強求

雷聲風雨打 何用多驚怕
心公正白壁無瑕 行善積德最樂也

命裡有時終須有 命裡無時莫強求

人比海裡沙 毋用多牽掛
君可見漫天落霞 名利息間似霧化
君可見漫天落霞 名利息間似霧化"
253,KKBOX.com,2013/01/01,許冠傑 (Sam Hui),"浪子心聲 - 電影""半斤八両""歌曲",Mr. BOO! The Private Eyes半斤八兩,"Currently there are no lyrics for this song. Be the first to submit the lyrics!
Check the tips now"
254,KKBOX.com,2007/01/01,許冠傑 (Sam Hui),浪子心聲 - Live,BTB-許冠傑十萬人大合唱演唱會-許冠傑 - 2 CD,"作詞：許冠傑/黎彼得     作曲：許冠傑　編：鮑比達


浪子心聲

難分真與假 人面多險詐
幾許有共享榮華 簷畔水滴不分差

無知井裡蛙 徙望添聲價
空得意目光如麻 誰料金屋變敗瓦

命裡有時終須有 命裡無時莫強求

雷聲風雨打 何用多驚怕
心公正白壁無瑕 行善積德最樂也

命裡有時終須有 命裡無時莫強求

人比海裡沙 毋用多牽掛
君可見漫天落霞 名利息間似霧化
君可見漫天落霞 名利息間似霧化"
255,KKBOX.com,1988/01/01,許冠傑 (Sam Hui),為你 - Album Version,財神到,"作詞：許冠傑, 黎彼得, 詹惠風     作曲：許冠傑

為妳情心一早已獻 情共愛添心間溫暖
願妳情相牽 始終相守相勉 誓約山盟今生永存

為妳從今不講再見 長伴裙邊永共纏綿
願妳同相依 每天朝晚得見 莫再分離相思寸寸

渡過困苦 情義倍添 要共尋理想心更堅
就算理想 如夢似煙 但期望我倆愛今莫變遷

為妳從此相處永遠 同命鳥恩愛年年
願妳長相思 始終痴心一片 萬縷真情今生永莫變

渡過困苦 情義倍添 要共尋理想心更堅
就算理想 如夢似煙 但期望我倆愛今莫變遷

為妳從此相處永遠 同命鳥恩愛年年
願妳長相思 始終痴心一片 萬縷真情今生永莫變"
256,KKBOX.com,1998/10/01,許冠傑 (Sam Hui),錢會繼續嚟,打工仔心聲98,"作詞：許冠傑, 黎彼得     作曲：Wayne Reichner

米貴 冇乜問題
諗計 咪懵懵閉
喥掂 就要發威
o的錢就會繼續o黎

冇米 隻雞就啼
撞鬼 咪巴巴閉
焗住 就殺隻雞啦
o的錢係會繼續o黎

過節送禮立定例
水鬼陛隍靠老細
你咪猛呻命運滯
要打基礎 MUN紅毛泥

冇計 咪鬼食泥
駛錢 當交水費
在下 奉勸各位
o的錢係會繼續o黎

o的錢係會繼續o黎
o的錢係會繼續o黎

米貴 冇乜問題
諗計 咪懵懵閉
喥掂 就要發威
o的錢就會繼續o黎

冇米 隻雞就啼
撞鬼 咪巴巴閉
焗住 就殺隻雞啦
o的錢係會繼續o黎

老友咪個論地位
駛乜孤寒詐詐諦
駛得開心應該駛
死慳死抵 想人提攜呀

咪制 你想入圍
冤鬼 咪懶經濟
萬事 係放遠睇
o的錢係會繼續o黎

o的錢係會繼續o黎
o的錢係會繼續o黎
o的錢係會繼續o黎"
257,KKBOX.com,2009/01/01,許冠傑 (Sam Hui),加價熱潮 - Album Version,ELEMENTS -中詞西曲,"Currently there are no lyrics for this song. Be the first to submit the lyrics!
Check the tips now"
258,Not Found,2009/01/01,許冠傑 (Sam Hui),The,ELEMENTS -中詞西曲,Not Found
259,KKBOX.com,1978/01/01,許冠傑 (Sam Hui),杯酒當歌 - Album Version,賣身契 - DCS,"作詞：許冠傑/黎彼得     作曲：許冠傑

杯酒當歌


我時常清風兩袖，吊兒郎當最自由，
但得有三餐足夠，為人樂觀好少掛憂，
咪彈人貪新厭舊，愛情如海市蜃樓，
問天賜幾許佳偶，離合悲歡定必有。

飲番杯冰凍啤酒，高歌一曲氣量厚
無謂再去為情悔疚，你盡心庵得個嬲，
我懷疑天邊宇宙，有神靈管轄地球，
實應要睇通睇透，成敗得失莫追究。


飲番杯冰凍啤酒，高歌一曲氣量厚，
無謂再去為情悔疚，你盡心庵得個嬲，
我懷疑天邊宇宙，有神靈管轄地球，
實應要睇通睇透，成敗得失莫追究。
大家要睇通睇透，成敗得失莫追究。"
260,KKBOX.com,2006/01/01,許冠傑 (Sam Hui),你令我閃耀 - Album Version,Sam Hui - Re-issue,"作詞：Rankins/Hui     作曲：Rankins/Hui


願這音韻令你興奮 高歌一曲驅憂困
願世界滿載快樂氣氛 憑著片片愛心開解怨忿

Everybody needs some sunshine
Baby just like I need you
And if I wanna start my day ride
All I gotta do is call on you

I love you yeah
I love you yeah
You've got the answer to my problems
When I'm feeling kinda low
You're always right here beside me
And you set my heart aglow
And when dark clouds fall around me
You live my spirits high
You gave me what I need Baby can you see
You make me shine

無論富貧 情義永恆
願這音韻令你興奮 高歌一曲驅憂困
願世界滿載快樂氣氛 憑著片片愛心開解怨忿

Everybody needs some sunshine
Baby just like I need you
And if I wanna start my day ride
All I gotta do is call on you

I love you yeah
I love you yeah
此刻你我共對 你我指引
祈求日後更會多接近
心心永恆照 那怕黑暗 和諧共處感慶幸
And when dark clouds fall around me
You live my spirits high
You gave me what I need Baby can you see
You make me shine
You gave me what I need Baby can you see
You make me shine
You make me shine
You make me shine"
261,KKBOX.com,1997/01/01,許冠傑 (Sam Hui),莫等待 - Album Version,寶麗金88極品音色系列-許冠傑,"作詞：許冠傑     作曲：許冠傑


莫等待，光陰不會復來，
勿讓青春偷偷消逝去，莫等待。

莫等待，春風吹過暴雨來，
浪蝶應悔當初不自愛，莫等待。

別戀金縷衣，惜取少年時，
發奮上進不容遲，同聚今朝共立志。

莫等待，光陰不會復來，
勿讓青春偷偷消逝去，莫等待。

別戀金縷衣，惜取少年時，
發奮上進不容遲，同聚今朝共立志。

莫等待，春風吹過暴雨來，
浪蝶應悔當初不自愛，莫等待。
浪蝶應悔當初不自愛，莫等待。"
262,Not Found,1997/01/01,許冠傑 (Sam Hui),Games,寶麗金88極品音色系列-許冠傑,Not Found
263,KKBOX.com,,許冠傑 (Sam Hui),雙星情歌 - Album Version,半斤八兩(許冠傑經典電影原聲大碟),"作詞：許冠傑     作曲：許冠傑

作詞：許冠傑 作曲：許冠傑

曳搖共對輕舟飄，互傳誓約慶春曉，
兩心相邀影相照，願化海鷗輕唱悅情調。

艷陽下與妹相親，望揩白首永不分，
美景醉人心相允，綠柳花間相對訂緣份。

心兩牽，萬里阻隔相思愛莫變，
離別悽酸今朝似未見，明日對花憶卿面。

淚殘夢了燭影深，月明獨照冷鴛枕，
醉擁孤衾悲不禁，夜半飲泣空帳獨懷憾。


心兩牽，萬里阻隔相思愛莫變，
離別悽酸今朝似未見，明日對花憶卿面。

淚殘夢了燭影深，月明獨照冷鴛枕，
醉擁孤衾悲不禁，夜半飲泣空帳獨懷憾。
夜半飲泣空帳獨懷憾"
264,KKBOX.com,2000/01/01,許冠傑 (Sam Hui),茫茫前路 - OT：夢追,最佳拍檔大顯神通 - DCS,"作詞：許冠傑     作曲：鷺巢詩郎

茫茫前路 就是我命途
疑雲密佈 我隻身上路
遙望遠方那看得到
這一刻裡未會知道
縱使困惑 我不應給它嚇倒

茫茫前路 路上滿是岐途
如何覓路向 那處找記號
如若勇敢我會找到
我必不致墮進圈套
縱使艱辛 也必要體驗到

那怕雪花飛舞 那怕水深山高
人就要做到老 學到老 不信命數
那怕知識深奧 那怕細胞消耗
人就要做到老 學到老 不要逃

茫茫前路 但願我莫迷途
前行邁進 我仰首闊步
懷著信心已有分數
困憂苦惱盡已一掃
無窮美夢 我必會找到

那怕雪花飛舞 那怕水深山高
人就要做到老 學到老 不信命數
那怕知識深奧 那怕細胞消耗
人就要做到老 學到老 不要逃

茫茫前路 但願我莫迷途
前行邁進 我仰首闊步
懷著信心已有分數
困憂苦惱盡已一掃
無窮美夢 我必會找到

無窮美夢 我必會找到"
265,KKBOX.com,1980/01/01,許冠傑 (Sam Hui),尖沙咀SUSIE - Album Version,念奴嬌,"作詞：許冠傑/黎彼得     作曲：許冠傑

尖沙咀Susie


有佢咁靚時 冇佢咁夠盞 尖沙咀Susie 點止咁簡單
樣貌與身材 Good Fit夠耀眼 想搵多個 都幾難

佢下下要有型 個性最好玩 出名鍊車王 響青山鬥片彎
日日喫幾籠 蝦餃當食晏 思想開放 好識嘆

尖沙咀Susie 駛乜憂兩餐 佢老竇勤力慣 響街市賣鴨蛋
尖沙咀Susie 屋企多靚衫 橙溝綠 米襯藍 套套惹火搶眼

佢碰見猛男 對眼會猛咁眨 風騷兼銷魂 乜都笑一餐
密密去Disco 通宵到達旦 攬身攬勢 都好閒

有佢咁野蠻 冇佢咁夠膽 尖沙咀Susie死都「坳」翻生
但望亞Susie 光陰咪亂散 青春一去 空悲嘆


尖沙咀Susie 駛乜憂兩餐 佢老竇勤力慣 響街市賣鴨蛋
尖沙咀Susie 屋企多靚衫 橙溝綠 米襯藍 套套惹火搶眼

佢碰見猛男 對眼會猛咁眨 風騷兼銷魂 乜都笑一餐
密密去Disco 通宵到達旦 攬身攬勢 都好閒

有佢咁野蠻 冇佢咁夠膽 尖沙咀Susie死都「坳」翻生
但望亞Susie 光陰咪亂散 青春一去 空悲嘆"
266,KKBOX.com,1988/01/01,許冠傑 (Sam Hui),我愛你 - Album Version,財神到,"作詞：許冠傑, 黎彼得     作曲：Creatore, Perretti, Weiss

編曲：黎彼得


合：柔情無恨我愛你 講真心
我與你相依相親
論富與貧 不應分
真心真意就合襯

男：手執鮮花親送贈
女：永遠與你兩心印
男：千金一刻多接近
女：濃情厚意喜不禁

合：喁喁情話我愛你
男：我的妹妹
女：o依 真係骨到痺
男：唉哂心機
女：咪咁佻皮
男：我叫鬈毛飛
女：應該走去做大戲

男：將心比己休顧忌
女：咪再鬥氣要講理
男：開開心心祝我o地
女：做對鴛鴦水中戲

男：情人其實我愛你 不相欺
女：我與你不分尊卑
男：共等佳期 雙于飛
女：不分朝晚侍候你

合：我愛你 不相欺
我與你不分尊卑
共等佳期 雙于飛
不分朝晚侍候你

男：人如燕飛
女：同諧連理
合：一生一世伴著你
女：人如燕飛
男：同遊同戲
合：今生今世伴著你"
267,KKBOX.com,1981/01/01,許冠傑 (Sam Hui),摩登保鑣 - 電影《摩登保鑣》主題曲,摩登保鑣,"作詞：許冠傑, 黎彼得     作曲：許冠傑

香港o的飛仔打劫好新潮
o下o下都出o的怪招
出親街金錶火鑽好招搖
最怕有咁o岩得咁橋

你實在要請保鑣 諸君咪話無聊
若係有o左保鑣 你會無晒騷擾

一枝公煲煙睇戲好他條
會有把刀仔插腰
書院女青春可愛好嬌嬈
抨佢上車一於照標

你實在要請保鑣 諸君咪話無聊
若係有o左保鑣 你會無晒騷擾

古裝片都講o的保鑣
四處押貨戰血染山腰
替顧客消災 威名遠耀

家陣o的摩登保鑣
個個搏殺對你更關照
你要坐穩轎 請番個摩登保鑣

你實在要請保鑣 諸君咪話無聊
若係有o左保鑣 你會無晒騷擾

古裝片都講o的保鑣
四處押貨戰血染山腰
替顧客消災 威名遠耀

家陣o的摩登保鑣
個個搏殺對你更關照
你要坐穩轎 請番個摩登保鑣

香港o的飛仔打劫好新潮
o下o下都出o的怪招
出親街金錶火鑽好招搖
最怕有咁o岩得咁橋

你實在要請保鑣 諸君咪話無聊
若係有o左保鑣 你會無晒騷擾

摩登保鑣 無晒騷擾
摩登保鑣 無晒騷擾
摩登保鑣"
268,KKBOX.com,2003/01/01,許冠傑 (Sam Hui),Medley : 風中趕路人/ 無情夜冷風 - Live,許冠傑經典演唱會全集,"這首歌曲暫無歌詞，歡迎您投稿認養！
立即查看秘笈"
269,Not Found,2003/01/01,許冠傑 (Sam Hui),時光倒流,許冠傑經典演唱會全集,Not Found
270,KKBOX.com,1996/01/01,許冠傑 (Sam Hui),為你,情歌篇,"這首歌曲暫無歌詞，歡迎您投稿認養！
立即查看秘笈"
271,Not Found,1996/01/01,許冠傑 (Sam Hui),Top,情歌篇,Not Found
272,KKBOX.com,1985/01/01,許冠傑 (Sam Hui),愛情保險 - Album Version,最緊要好玩,"作詞：潘源良     作曲：周啟生

編曲：入江純


可否請休息一天 不傷心一天 叫美貌重新現溫暖
可否將當初拋開 將苦楚拋開 看看地球又轉一圈
跟他的分手 即使多心酸 過去事情不用多算
你要自強來面對 每次愛戀 沒有保險

愛若誠意自然不想有變 偏偏諸多變故亦無用
太心酸 心再亂 都不必因此怕被情義再相牽
祝福他 永遠自由渡每一天 展笑瞼 無愁懷 明艷再現
我亦曾這樣面對 因我實一貫未改 對你癡心一片

今天將心聲講穿 不想多遮掩 我卻未求朝夕相見
祗想輕輕講一聲 要理智打算 美與善仍在你身邊
跟他的分手 即使多心酸 過去事情不用多算
你要自強來面對 每次愛戀 沒有保險

愛若誠意自然不想有變 偏偏諸多變故亦無用
太心酸 心再亂 都不必因此怕被情義再相牽
祝福他 永遠自由渡每一天 展笑瞼 無愁懷 明艷再現
我亦曾這樣面對 因我實一貫未改 對你癡心一片

愛若誠意自然不想有變 偏偏諸多變故亦無用
太心酸 心再亂 都不必因此怕被情義再相牽
祝福他 永遠自由渡每一天 展笑瞼 無愁懷 明艷再現
我亦曾這樣面對 因我實一貫未改 對你癡心一片"
273,KKBOX.com,2009/01/01,許冠傑 (Sam Hui),最緊要好玩 (EXTENDED VERSION) - Extended Version,復黑王-許冠傑,"作詞：林振強     作曲：許冠傑

人其實天生奔放貪玩
原沒有拘束只有笑顏
悲觀我唔慣 追趕太陽似子彈
乘坐穿梭機打個空翻
雲霧裹縛起雙腳跳爛
威風似神探 追綜愛神眼不眨

我想攀登火山，執塊石頭用煎蛋
其實開心好簡單，最緊要好玩

我願抬著午夜明月對你單眼
星光之上扯起帳蓬與你浪漫
我願停頓宇宙凝望你那雙樣
使你無從忘掉這 魅力先生
乘坐穿梭機打個空翻
雲霧裹縛起雙腳跳爛
追綜太陽去 不准太陽早交更

人其實天生奔放貪玩
原沒有拘束只有笑顏
悲觀我唔慣 追趕太陽似子彈

我想踩三輪車 登陸月球賣牛腩飯
其實開心好簡單 最緊要好玩

我願抬著午夜明月對你單眼
星光之上扯起帳蓬與你浪漫
我願停頓宇宙凝望你那雙樣
使你無從忘掉這 魅力先生

人其實天生奔放貪玩
原沒有拘束只有笑顏
悲觀我唔慣 追趕太陽似子彈

我想踩三輪車 登陸月球賣牛腩飯
其實開心好簡單 最緊要好玩

我願抬著午夜明月對你單眼
星光之上扯起帳蓬與你浪漫
我願停頓宇宙凝望你那雙樣
使你無從忘掉這 魅力先生

其實我天生奔放貪玩 唔恨有獎品只要笑顏
不須有人讀 只須我仍覺好玩

不須有人讀 只須我仍覺好玩"
274,KKBOX.com,2009/01/01,許冠傑 (Sam Hui),最緊要好玩 - 攪笑版本,復黑王-許冠傑,"作詞：林振強     作曲：許冠傑

其實我天生奔放貪玩
唔願有奬品只要笑顏
返工我唔慣 鄉下有田我不耕

人其實天生奔放貪玩
原沒有拘束只有笑顏
點到我唔信 屋企各人困青山

我想o徒粒子彈 捉隻鱷魚用o黎送飯
其實開心好簡單 最緊要好玩
我願抬著炸藥成磅對你單眼
星光之上扯起鼻鼾你要避難
我用雷電放射溶掉你那雙眼
使你無從忘掉這 暴力先生

乘坐穿梭機飛到沙灘
陳立品叉腰通處吐痰
o岩o岩我游過 追蹤美人眼不眨

其實我天生奔放貪玩
唔願有奬品只要笑顏
返工我唔慣 鄉下有田我不耕

我想班班死黨 登陸月球辦投注站
其實開心好簡單 最緊要好玩
我願抬著炸藥成磅對你單眼
星光之上扯起鼻鼾你要避難
我用雷電放射溶掉你那雙眼
使你無從忘掉這 暴力先生

人其實天生奔放貪玩
原沒有拘束只有笑顏
點到我唔信 屋企各人困青山
悲觀我唔慣 癲起上黎笑一餐"
275,KKBOX.com,2009/01/01,許冠傑 (Sam Hui),斤十足 - Full Version,復黑王-許冠傑,"這首歌曲暫無歌詞，歡迎您投稿認養！
立即查看秘笈"
276,KKBOX.com,2009/01/01,許冠傑 (Sam Hui),斤兩十足(RADIO VERSION 1) - Radio Version 1,復黑王-許冠傑,"這首歌曲暫無歌詞，歡迎您投稿認養！
立即查看秘笈"
277,Not Found,2009/01/01,許冠傑 (Sam Hui),斤両十足,復黑王-許冠傑,Not Found
278,KKBOX.com,2009/01/01,許冠傑 (Sam Hui),心思思 - Disco Remix,復黑王-許冠傑,"這首歌曲暫無歌詞，歡迎您投稿認養！
立即查看秘笈"
279,KKBOX.com,2006/01/01,許冠傑 (Sam Hui),心思思 - Album Version,Sam Hui - Re-issue,"作詞：林振強     作曲：Terry Britten/Lynsey De Paul

心思思
編曲：渡邊茂樹


她使我心裡沒法靜止
難專心一意地去辦事
開始不知怎去楂筷子
無力再控制我四肢

真想與她抱著過日子
而不想早晚獨對電視
可惜她不知我的構思
從沒有注意這漢子

〔長期在心思思〕永遠單思
〔心思思〕晚晚咬手指
〔心思思〕冇晒FACE
〔心思思〕她始終不知


她使我消瘦漸變樹枝
和憂鬱得似玉置浩二
真想登篇廣告於報紙
詳述四百次我意思

〔長期在心思思〕永遠單思
〔心思思〕愛到線都癡
〔心思思〕猛咬草紙
〔心思思〕她始終不知


〔我開始〕尋找中醫與西醫 〔WHY〕願醫好我痴
〔中西醫〕東指指西指指 都醫不好我的痴
今晚只有一再

〔心思思〕永遠單思
〔心思思〕晚晚咬手指
〔心思思〕冇晒FACE
〔心思思〕她始終不知

〔長期在心思思〕永遠單思
〔心思思〕愛到線都癡
〔心思思〕猛咬草紙
〔心思思〕她始終不知

〔長期在心思思〕永遠單思
〔心思思〕晚晚咬手指
〔心思思〕冇晒FACE
〔心思思〕她始終不知

〔長期在心思思〕...."
280,KKBOX.com,2009/01/01,許冠傑 (Sam Hui),斤兩十足 - Disco Remix,復黑王-許冠傑,"這首歌曲暫無歌詞，歡迎您投稿認養！
立即查看秘笈"
281,KKBOX.com,2006/01/01,許冠傑 (Sam Hui),心思思 - Album Version,Sam Hui - Re-issue,"作詞：林振強     作曲：Terry Britten/Lynsey De Paul

心思思
編曲：渡邊茂樹


她使我心裡沒法靜止
難專心一意地去辦事
開始不知怎去楂筷子
無力再控制我四肢

真想與她抱著過日子
而不想早晚獨對電視
可惜她不知我的構思
從沒有注意這漢子

〔長期在心思思〕永遠單思
〔心思思〕晚晚咬手指
〔心思思〕冇晒FACE
〔心思思〕她始終不知


她使我消瘦漸變樹枝
和憂鬱得似玉置浩二
真想登篇廣告於報紙
詳述四百次我意思

〔長期在心思思〕永遠單思
〔心思思〕愛到線都癡
〔心思思〕猛咬草紙
〔心思思〕她始終不知


〔我開始〕尋找中醫與西醫 〔WHY〕願醫好我痴
〔中西醫〕東指指西指指 都醫不好我的痴
今晚只有一再

〔心思思〕永遠單思
〔心思思〕晚晚咬手指
〔心思思〕冇晒FACE
〔心思思〕她始終不知

〔長期在心思思〕永遠單思
〔心思思〕愛到線都癡
〔心思思〕猛咬草紙
〔心思思〕她始終不知

〔長期在心思思〕永遠單思
〔心思思〕晚晚咬手指
〔心思思〕冇晒FACE
〔心思思〕她始終不知

〔長期在心思思〕...."
282,KKBOX.com,1985/01/01,許冠傑 (Sam Hui),日本娃娃 - Album Version,最緊要好玩,"作詞：許冠傑     作曲：許冠傑

日本娃娃


尋晚響東急 踫正個日本娃娃
對眼特別大 仲有尖尖既下巴
有Ｄ似中森明菜 唔係講假
趣怪又特別 直頭日本化

求愛敢死隊 我屬御三家
最注重浪漫 又夠風騷夠肉麻
戴起副紫色太陽鏡 人就瀟灑
百五磅魅力 實行大轟炸

Hello Kan Ban Wa 小姐你好嗎
Watashi Wa Hong Kong No MatchyDesu
Anata Wa Totemo Kawai
實行用架文跟佢 Friend 下


同佢去 Happy 跳上架 Toyota
去晚飯直落 共舞於 Casablanca
趁高興飛身上台唱 Careless Whispers
再散步月下 連隨幻想下

娶左娃娃 即刻就變晒身價
洗衫煲湯 Dum 骨鍊背脊遞茶
1997 哈! 果陣無有駛怕
實行住原宿 開間 Sushi Bar


同佢去宵夜我叫 Tempura
佢叫立立雜雜刺身鬼咁豪華
嗌找數三千零八 成份身家
佢笑住仲話 ""Arigato Gozaimashita""

陪佢番 Lobby 企正個日本爸爸
佢眼掘掘 大喝聲 Nan Desu Ka
亞女佢今年唔夠 16 and a half
佢劍道十段 話同我練下

Sayonara 忍著淚說 Goodbye啦！
Thanks Thanks Monica
摸摸個袋 唉駛淨八個幾咋
蝕埋份糧添呢次衰左啦

Sayonara 忍著淚說 Goodbye啦！
Thanks Thanks Monica
摸摸個袋 唉駛淨八個幾咋
蝕埋份糧添呢次衰左啦"
283,KKBOX.com,2010/01/01,許冠傑 (Sam Hui),擦鞋仔 - Album Version,BTB 熱力之冠許冠傑 - CD,"這首歌曲暫無歌詞，歡迎您投稿認養！
立即查看秘笈"
284,KKBOX.com,2010/01/01,許冠傑 (Sam Hui),需要你 - Album Version,BTB 熱力之冠許冠傑 - CD,"這首歌曲暫無歌詞，歡迎您投稿認養！
立即查看秘笈"
285,KKBOX.com,2003/03/28,許冠傑 (Sam Hui),寂寞聖誕 - 電影「衛斯理」歌曲,難忘許冠傑Sam Hui 30年,"作詞：許冠傑     作曲：Traditional Song


望見星星光輝照塵寰
滿街燈飾美觀燦爛
萬眾歡欣佳節來臨
唯獨我街角默默暗嘆
在腦海中依稀記舊年
和你一起愛得多燦爛
漫舞輕歌歡慶未闌
曾渡過一個浪漫聖誕

佳音響遍夜闌
無奈你濃情已早變淡
今宵追憶已夢殘
誰願過一個寂寞聖誕

愉快舞會燭光已漸殘
人客各散 面帶歡顏
剩我舉杯悲歌帶淚彈
誰伴我這個寂寞聖誕

佳音響遍夜闌
無奈你濃情已早變淡
今宵追憶已夢殘
誰願過一個寂寞聖誕

愉快舞會燭光已漸殘
人客各散 面帶歡顏
剩我舉杯悲歌帶淚彈
誰伴我這個寂寞聖誕
誰伴我這個寂寞聖誕"
286,KKBOX.com,2018/07/25,May J.,無限廣大的宇宙 - Instrumental,Cinema Song Covers - Instrumental,"Currently there are no lyrics for this song. Be the first to submit the lyrics!
Check the tips now"
287,KKBOX.com,2010/01/01,許冠傑 (Sam Hui),宇宙無限(電影《衛斯理傳》歌曲) - 電影《衛斯理傳奇》主題曲,20週年-許冠傑 90'電影金曲精選 - 20 Anniversary,"作詞：林振強     作曲：Donald Ashley

星空可有一對手
承擔起這沒邊緣宇宙和運轉地球
空中可有雙眼睛
由開始已在星河背後遙望這地球
誰掌管世間目前以後

當仰觀星星掛於天的腳踭
頓然自覺像塵末那樣的有限
我敬畏 實在是誰創造無限
那遠處 像是內藏制度和變幻

天空可有天殘舊
無聲的跌墜星河背後
人類與地球能否相見於萬年以後

當仰觀星星掛於天的腳踭
頓然自覺像塵末那樣的有限
海與山謙卑靠於風的臂彎
問誰令宇宙無限 宇宙無限

人在世有太多私心與紛爭
似不知一切輕重如毛造的針
瑣碎像塵

當仰觀星星掛於天的腳踭
頓然自覺像塵末那樣的有限
海與山謙卑靠於風的臂彎
問誰令宇宙無限 宇宙無限

人在世有太多私心與紛爭
似不知一切輕重如毛造的針
瑣碎像塵

我放眼 望著面前宇宙無限
我讚嘆 默默問誰創造無限

我放眼 望著面前宇宙無限
我讚嘆 默默問誰創造無限

我放眼 望著面前宇宙無限
我讚嘆 默默問誰創造無限"
288,KKBOX.com,2011/01/01,許冠傑 (Sam Hui),RADIO好知己 (電影「衛斯理」歌曲) - 電影「衛斯理」歌曲,許冠傑 音樂大全 101,"這首歌曲暫無歌詞，歡迎您投稿認養！
立即查看秘笈"
289,KKBOX.com,1998/01/01,許冠傑 (Sam Hui),往日情 - Live,珍惜.....往日情,"痛別離 惜分飛
緣份一朝忍心拋棄
往日情未泯
泣咽悽聲怨蒼天太狠

鳥倦還 影孤單
無奈美夢頃刻吹散
往日情未泯
泣咽悽聲怨蒼天太狠

暴雨中 相親相與共 夢已空 太匆匆
淚暗湧 偷偷心底送
遍地紅葉怨秋風

再會難 呼不返
寒夜對月幾番嗟歎
往日情未泯
泣咽悽聲怨蒼天太狠

暴雨中 相親相與共 夢已空 太匆匆
淚暗湧 偷偷心底送
遍地紅葉怨秋風

再會難 呼不返
寒夜對月幾番嗟歎
往日情未泯
泣咽悽聲怨蒼天太狠

往日情未泯
泣咽悽聲怨蒼天太狠"
290,KKBOX.com,2010/01/01,許冠傑 (Sam Hui),兩個世界 - Album Version,BTB 熱力之冠許冠傑 - CD,"這首歌曲暫無歌詞，歡迎您投稿認養！
立即查看秘笈"
291,KKBOX.com,2010/01/01,許冠傑 (Sam Hui),沉默是金 - Album Version,BTB 金裝精選-許冠傑 - CD,"作詞：許冠傑     作曲：張國榮


編曲：鮑比達

夜風凜凜 獨回望舊事前塵
是以往的我 充滿怒憤
誣告與指責積壓著滿肚氣不忿
對謠言反應甚為著緊

受了教訓 得了書經的指引
現已看得透 不再自困
但覺有分數 不再像以往那般笨
抹淚痕輕快笑著行

冥冥中 都早注定你富或貧
是錯永不對 真永是真
任你怎說 安守我本份
始終相信沉默是金

是非有公理 慎言莫冒犯別人
遇上冷風雨休太認真
自信滿心裡 休理會諷刺與質問
笑罵由人 灑脫地做人

受了教訓 得了書經的指引
現已看得透 不再自困
但覺有分數 不再像以往那般笨
抹淚痕輕快笑著行

冥冥中 都早注定你富或貧
是錯永不對 真永是真
任你怎說 安守我本份
始終相信沉默是金

是非有公理 慎言莫冒犯別人
遇上冷風雨休太認真
自信滿心裡 休理會諷刺與質問
笑罵由人 灑脫地做人

少年人 灑脫地做人
繼續行 灑脫地做人
少年人 灑脫地做人
繼續行 灑脫地做人
少年人 灑脫地做人
繼續行 灑脫地做人
少年人 灑脫地做人"
292,KKBOX.com,2003/01/01,許冠傑 (Sam Hui),珍惜 - /Live in Hong Kong / 1989,許冠傑經典演唱會全集,"Currently there are no lyrics for this song. Be the first to submit the lyrics!
Check the tips now"
